,YEAR,MONTH,DAY_OF_MONTH,DAY_OF_WEEK,UNIQUE_CARRIER,ORIGIN_AIRPORT_ID,ORIGIN_CITY_NAME,DEST_AIRPORT_ID,DEST_CITY_NAME,CRS_DEP_TIME,CRS_ARR_TIME,ARR_DELAY_NEW,ARR_DEL15,CANCELLED,DISTANCE
206473,2015,1,25,7,WN,10140,"Albuquerque, NM",13796,"Oakland, CA",1845,2015,0,0,0,889
143854,2015,1,5,1,WN,11278,"Washington, DC",13232,"Chicago, IL",1600,1710,0,0,0,601
266775,2015,1,10,6,AA,13303,"Miami, FL",13204,"Orlando, FL",1410,1514,25,1,0,192
359905,2015,1,19,1,NK,11298,"Dallas/Fort Worth, TX",14107,"Phoenix, AZ",2320,51,9,0,0,868
410830,2015,2,31,6,UA,11292,"Denver, CO",12173,"Honolulu, HI",1130,1554,8,0,0,3365
35353,2015,2,29,4,EV,11278,"Washington, DC",11618,"Newark, NJ",2005,2131,0,0,0,199
130083,2015,2,28,3,VX,12889,"Las Vegas, NV",12478,"New York, NY",1535,2325,0,0,0,2248
325104,2015,2,3,6,DL,13204,"Orlando, FL",13487,"Minneapolis, MN",740,1012,0,0,0,1310
356524,2015,2,17,6,NK,10821,"Baltimore, MD",11697,"Fort Lauderdale, FL",645,922,0,0,0,925
310492,2015,3,27,2,AA,11278,"Washington, DC",13303,"Miami, FL",600,843,0,0,0,919
10979,2015,3,25,7,DL,14771,"San Francisco, CA",12478,"New York, NY",1345,2210,1,0,0,2586
646,2015,3,20,2,DL,10397,"Atlanta, GA",10868,"Columbia, SC",2040,2138,3,0,0,192
301822,2015,3,11,7,B6,13204,"Orlando, FL",14843,"San Juan, PR",1112,1456,0,0,0,1189
299781,2015,3,11,7,B6,12953,"New York, NY",14027,"West Palm Beach/Palm Beach, FL",1945,2245,140,1,0,1035
359095,2015,3,6,2,NK,12892,"Los Angeles, CA",11298,"Dallas/Fort Worth, TX",1934,22,16,1,0,1235
80393,2015,3,14,3,HA,12758,"Kona, HI",12173,"Honolulu, HI",614,656,0,0,0,163
251965,2015,4,2,5,AA,13303,"Miami, FL",10721,"Boston, MA",935,1248,6,0,0,1258
451234,2015,4,7,3,US,12889,"Las Vegas, NV",14107,"Phoenix, AZ",1945,2150,0,0,0,255
314059,2015,4,2,5,DL,11697,"Fort Lauderdale, FL",13487,"Minneapolis, MN",1554,1850,0,0,0,1487
230871,2015,4,23,5,WN,13796,"Oakland, CA",14679,"San Diego, CA",2005,2130,109,1,0,446
416640,2015,4,23,5,UA,14747,"Seattle, WA",11618,"Newark, NJ",2155,559,21,1,0,2402
197442,2015,4,22,4,WN,10140,"Albuquerque, NM",12892,"Los Angeles, CA",745,855,0,0,0,677
62648,2015,4,22,4,DL,12982,"Lihue, HI",12892,"Los Angeles, CA",2256,625,0,0,0,2615
21095,2015,4,1,4,EV,11298,"Dallas/Fort Worth, TX",11140,"Corpus Christi, TX",1230,1345,6,0,0,354
101653,2015,5,29,4,MQ,12478,"New York, NY",11278,"Washington, DC",848,1009,0,0,0,213
240717,2015,5,11,7,AA,11298,"Dallas/Fort Worth, TX",11292,"Denver, CO",1020,1126,0,0,0,641
431115,2015,5,12,1,UA,14771,"San Francisco, CA",12758,"Kona, HI",905,1241,27,1,0,2367
449739,2015,5,4,7,US,11042,"Cleveland, OH",11057,"Charlotte, NC",1535,1710,0,0,0,430
108470,2015,6,24,6,MQ,11298,"Dallas/Fort Worth, TX",11049,"College Station/Bryan, TX",1015,1108,0,0,0,164
260900,2015,6,15,4,AA,11057,"Charlotte, NC",11298,"Dallas/Fort Worth, TX",1900,2053,7,0,0,936
196453,2015,6,21,3,WN,13198,"Kansas City, MO",12892,"Los Angeles, CA",1425,1605,0,0,0,1363
357003,2015,6,22,4,NK,11433,"Detroit, MI",14635,"Fort Myers, FL",1523,1815,0,0,0,1084
46228,2015,6,16,5,EV,12951,"Lafayette, LA",11292,"Denver, CO",1615,1812,0,0,0,978
162428,2015,7,11,7,WN,13495,"New Orleans, LA",10693,"Nashville, TN",1500,1625,0,0,0,471
116776,2015,7,5,1,MQ,12953,"New York, NY",11433,"Detroit, MI",1355,1553,2,0,0,502
5227,2015,7,24,6,DL,10397,"Atlanta, GA",10821,"Baltimore, MD",1540,1727,0,0,0,577
359220,2015,7,9,5,OO,11041,"Carlsbad, CA",12892,"Los Angeles, CA",1547,1630,0,0,0,86
32755,2015,7,31,6,DL,11697,"Fort Lauderdale, FL",11433,"Detroit, MI",800,1100,4,0,0,1127
144817,2015,7,5,1,WN,13871,"Omaha, NE",15016,"St. Louis, MO",615,740,10,0,0,342
111502,2015,8,5,1,MQ,15411,"Tyler, TX",11298,"Dallas/Fort Worth, TX",1310,1400,18,1,0,102
277784,2015,8,3,6,AS,10299,"Anchorage, AK",14747,"Seattle, WA",1430,1850,0,0,0,1448
183876,2015,8,18,7,WN,10721,"Boston, MA",10821,"Baltimore, MD",1505,1645,0,0,0,369
245070,2015,8,8,4,AA,13256,"Mission/McAllen/Edinburg, TX",11298,"Dallas/Fort Worth, TX",1132,1310,0,0,0,469
83277,2015,8,15,4,HA,12173,"Honolulu, HI",12758,"Kona, HI",1807,1850,17,1,0,163
338088,2015,8,14,3,DL,10397,"Atlanta, GA",13931,"Norfolk, VA",1414,1547,0,0,0,516
266058,2015,8,12,1,AA,11298,"Dallas/Fort Worth, TX",11042,"Cleveland, OH",1415,1751,0,0,0,1021
85987,2015,8,23,5,HA,13830,"Kahului, HI",12173,"Honolulu, HI",1448,1525,19,1,0,100
122917,2015,8,29,4,US,14576,"Rochester, NY",11057,"Charlotte, NC",825,1038,5,0,0,573
332232,2015,9,10,6,DL,12266,"Houston, TX",10397,"Atlanta, GA",1541,1843,0,0,0,689
110990,2015,9,6,2,EV,11140,"Corpus Christi, TX",12266,"Houston, TX",1708,1809,0,0,0,201
118294,2015,9,26,1,US,14831,"San Jose, CA",14107,"Phoenix, AZ",1910,2156,0,0,0,621
241378,2015,9,14,3,AA,13930,"Chicago, IL",12953,"New York, NY",830,1130,3,0,0,733
151527,2015,9,7,3,WN,12892,"Los Angeles, CA",14107,"Phoenix, AZ",1555,1815,0,0,0,370
125642,2015,9,14,3,VX,14771,"San Francisco, CA",14679,"San Diego, CA",800,925,0,0,0,447
398048,2015,10,9,5,OO,11109,"Colorado Springs, CO",11292,"Denver, CO",620,712,130,1,0,73
131911,2015,10,1,4,WN,10257,"Albany, NY",10821,"Baltimore, MD",1830,1955,0,0,0,289
168521,2015,10,12,1,WN,13495,"New Orleans, LA",11259,"Dallas, TX",1100,1225,9,0,0,436
96736,2015,10,5,1,MQ,11298,"Dallas/Fort Worth, TX",10627,"Bismarck/Mandan, ND",1555,1823,108,1,0,977
187834,2015,10,19,1,WN,10397,"Atlanta, GA",12889,"Las Vegas, NV",1540,1720,0,0,0,1747
339881,2015,10,15,4,DL,14683,"San Antonio, TX",10397,"Atlanta, GA",610,924,0,0,0,874
136920,2015,11,2,5,WN,14683,"San Antonio, TX",13232,"Chicago, IL",600,835,0,0,0,1036
8157,2015,11,24,6,DL,14771,"San Francisco, CA",14869,"Salt Lake City, UT",1320,1604,13,0,0,599
395608,2015,11,6,2,OO,14869,"Salt Lake City, UT",14771,"San Francisco, CA",615,733,0,0,0,599
276114,2015,11,8,4,AA,11298,"Dallas/Fort Worth, TX",12892,"Los Angeles, CA",1435,1555,0,0,0,1235
415479,2015,11,28,3,UA,12892,"Los Angeles, CA",12266,"Houston, TX",1253,1800,8,0,0,1379
447630,2015,11,2,5,US,11292,"Denver, CO",11057,"Charlotte, NC",1605,2106,0,0,0,1337
319959,2015,11,6,2,DL,10529,"Hartford, CT",11433,"Detroit, MI",905,1114,0,0,0,549
267852,2015,12,9,5,AA,11618,"Newark, NJ",11298,"Dallas/Fort Worth, TX",1000,1314,33,1,0,1372
343921,2015,12,16,5,DL,10721,"Boston, MA",10397,"Atlanta, GA",1835,2146,0,0,0,946
246798,2015,12,18,7,AA,14747,"Seattle, WA",12478,"New York, NY",700,1517,0,0,0,2422
394969,2015,12,20,2,OO,12266,"Houston, TX",13931,"Norfolk, VA",1257,1638,0,0,0,1201
394579,2015,12,1,4,OO,11292,"Denver, CO",10372,"Aspen, CO",1501,1550,196,1,0,125
446326,2015,12,2,5,US,10713,"Boise, ID",14107,"Phoenix, AZ",700,908,0,0,0,735
200662,2015,12,21,3,WN,15016,"St. Louis, MO",13342,"Milwaukee, WI",2055,2205,0,0,0,317
354272,2015,12,27,2,NK,11697,"Fort Lauderdale, FL",13930,"Chicago, IL",2145,2358,15,1,0,1182
135912,2015,12,2,5,WN,13232,"Chicago, IL",12892,"Los Angeles, CA",850,1130,0,0,0,1750
409464,2015,12,30,5,UA,11292,"Denver, CO",12953,"New York, NY",1540,2116,0,0,0,1620
145152,2015,12,5,1,WN,14492,"Raleigh/Durham, NC",10821,"Baltimore, MD",1255,1355,0,0,0,255
313527,2015,1,3,6,DL,10397,"Atlanta, GA",13931,"Norfolk, VA",1915,2051,30,1,0,516
121481,2015,1,28,3,US,14107,"Phoenix, AZ",14893,"Sacramento, CA",1050,1153,0,0,0,647
283794,2016,1,18,7,AS,14747,"Seattle, WA",13830,"Kahului, HI",1745,2205,0,0,0,2640
122301,2016,1,27,2,US,14100,"Philadelphia, PA",14107,"Phoenix, AZ",645,1016,,,1,2075
149470,2016,2,7,3,WN,14107,"Phoenix, AZ",13495,"New Orleans, LA",1010,1415,13,0,0,1300
348391,2016,2,17,6,DL,13495,"New Orleans, LA",10397,"Atlanta, GA",715,944,0,0,0,425
216042,2016,2,27,2,WN,13232,"Chicago, IL",11259,"Dallas, TX",1530,1755,0,0,0,793
257208,2016,2,10,6,AA,12892,"Los Angeles, CA",12889,"Las Vegas, NV",2224,2335,0,0,0,236
406144,2016,2,20,2,OO,10739,"Brainerd, MN",13487,"Minneapolis, MN",1556,1644,11,0,0,114
372041,2016,3,6,2,OO,12889,"Las Vegas, NV",14747,"Seattle, WA",720,1004,0,0,0,867
287663,2016,3,29,4,AS,14747,"Seattle, WA",10299,"Anchorage, AK",1600,1845,71,1,0,1448
435639,2016,3,10,6,UA,12441,"Jackson, WY",13930,"Chicago, IL",1435,1837,0,0,0,1162
183886,2016,3,18,7,WN,10721,"Boston, MA",13232,"Chicago, IL",1605,1805,0,0,0,861
104930,2016,3,8,4,MQ,13871,"Omaha, NE",13930,"Chicago, IL",1210,1349,,,1,416
369237,2016,3,4,7,OO,14771,"San Francisco, CA",11638,"Fresno, CA",2234,2331,5,0,0,158
123998,2016,3,30,5,US,14100,"Philadelphia, PA",13303,"Miami, FL",940,1240,14,0,0,1013
188181,2016,4,19,1,WN,10821,"Baltimore, MD",10721,"Boston, MA",1050,1210,0,0,0,369
409612,2016,4,30,5,UA,14679,"San Diego, CA",12266,"Houston, TX",645,1156,9,0,0,1303
270710,2016,4,20,2,AA,11298,"Dallas/Fort Worth, TX",15304,"Tampa, FL",1455,1811,0,0,0,929
43778,2016,4,19,1,EV,11140,"Corpus Christi, TX",12266,"Houston, TX",1258,1400,0,0,0,201
133604,2016,4,2,5,WN,10821,"Baltimore, MD",11433,"Detroit, MI",2200,2340,9,0,0,409
361499,2016,4,12,1,OO,14869,"Salt Lake City, UT",12892,"Los Angeles, CA",1855,1956,62,1,0,590
437506,2016,4,6,2,UA,13930,"Chicago, IL",13495,"New Orleans, LA",1710,1934,,,1,837
285510,2016,4,23,5,AS,14747,"Seattle, WA",10299,"Anchorage, AK",1020,1311,65,1,0,1448
419836,2016,5,21,3,UA,12892,"Los Angeles, CA",14771,"San Francisco, CA",1725,1854,0,0,0,337
425029,2016,5,16,5,UA,10620,"Billings, MT",11292,"Denver, CO",1326,1459,0,0,0,455
310190,2016,5,2,5,DL,13204,"Orlando, FL",12953,"New York, NY",2015,2244,0,0,0,950
363160,2016,5,8,4,NK,11697,"Fort Lauderdale, FL",12892,"Los Angeles, CA",2106,2359,0,0,0,2342
252461,2016,6,31,6,AA,13930,"Chicago, IL",10423,"Austin, TX",1050,1334,0,0,0,978
207074,2016,6,25,7,WN,11292,"Denver, CO",13232,"Chicago, IL",1750,2110,83,1,0,895
115783,2016,6,11,7,MQ,13930,"Chicago, IL",15096,"Syracuse, NY",940,1219,196,1,0,607
358574,2016,6,15,4,NK,11433,"Detroit, MI",13204,"Orlando, FL",928,1210,0,0,0,957
179039,2016,6,16,5,WN,11259,"Dallas, TX",11697,"Fort Lauderdale, FL",1415,1750,6,0,0,1108
303197,2016,7,29,4,B6,13204,"Orlando, FL",12478,"New York, NY",600,825,0,0,0,944
45821,2016,7,21,3,EV,14574,"Roanoke, VA",10397,"Atlanta, GA",1400,1529,0,0,0,357
92732,2016,7,1,4,MQ,12191,"Houston, TX",11298,"Dallas/Fort Worth, TX",600,710,,,1,247
104993,2016,7,15,4,MQ,12953,"New York, NY",14730,"Louisville, KY",1859,2112,15,1,0,659
402142,2016,7,4,7,OO,13851,"Oklahoma City, OK",11292,"Denver, CO",2023,2110,127,1,0,495
217301,2016,7,8,4,WN,13204,"Orlando, FL",14107,"Phoenix, AZ",1650,1955,0,0,0,1849
13891,2016,8,27,2,DL,10397,"Atlanta, GA",12266,"Houston, TX",1600,1719,0,0,0,689
425159,2016,8,16,5,UA,12264,"Washington, DC",11292,"Denver, CO",1226,1428,0,0,0,1452
395738,2016,8,26,1,OO,12266,"Houston, TX",14683,"San Antonio, TX",2255,2354,15,1,0,191
135258,2016,8,2,5,WN,12889,"Las Vegas, NV",10713,"Boise, ID",1405,1650,36,1,0,519
308700,2017,8,26,1,AA,12478,"New York, NY",14843,"San Juan, PR",830,1330,86,1,0,1598
368381,2017,8,16,5,EV,14814,"Shreveport, LA",12266,"Houston, TX",1503,1608,135,1,0,192
12887,2017,8,26,1,DL,10397,"Atlanta, GA",11252,"Daytona Beach, FL",1540,1659,12,0,0,366
439056,2017,8,8,4,UA,12892,"Los Angeles, CA",12758,"Kona, HI",1003,1402,121,1,0,2504
312137,2017,8,8,4,B6,14843,"San Juan, PR",10529,"Hartford, CT",434,735,43,1,0,1666
338601,2017,9,14,3,DL,10397,"Atlanta, GA",13204,"Orlando, FL",1355,1525,7,0,0,404
456861,2017,9,10,6,US,11057,"Charlotte, NC",13930,"Chicago, IL",1800,1909,0,0,0,599
369448,2017,9,12,1,OO,12892,"Los Angeles, CA",11041,"Carlsbad, CA",956,1042,59,1,0,86
328769,2017,9,9,5,DL,10397,"Atlanta, GA",12953,"New York, NY",645,853,87,1,0,762
269110,2017,9,27,2,AA,11298,"Dallas/Fort Worth, TX",11057,"Charlotte, NC",1845,2200,0,0,0,936
394532,2017,9,2,5,OO,11292,"Denver, CO",13486,"Missoula, MT",1001,1214,60,1,0,679
90510,2017,10,22,4,MQ,12478,"New York, NY",10693,"Nashville, TN",1655,1831,23,1,0,765
2297,2017,10,21,3,DL,10397,"Atlanta, GA",13230,"Harrisburg, PA",939,1130,0,0,0,620
428777,2017,10,18,7,UA,12953,"New York, NY",13930,"Chicago, IL",1400,1536,0,0,0,733
431141,2017,10,12,1,UA,12264,"Washington, DC",15304,"Tampa, FL",1738,2009,17,1,0,811
184066,2017,10,18,7,WN,10821,"Baltimore, MD",14635,"Fort Myers, FL",840,1135,0,0,0,919
362330,2017,10,12,1,OO,11292,"Denver, CO",12441,"Jackson, WY",1524,1657,21,1,0,406
78131,2017,11,27,2,F9,13930,"Chicago, IL",11292,"Denver, CO",1850,2030,0,0,0,888
113038,2017,11,18,7,MQ,12339,"Indianapolis, IN",13930,"Chicago, IL",1831,1845,9,0,0,177
310092,2017,11,23,5,AA,11697,"Fort Lauderdale, FL",13930,"Chicago, IL",1155,1420,0,0,0,1182
152827,2017,11,8,4,WN,12889,"Las Vegas, NV",14831,"San Jose, CA",620,750,0,0,0,386
1157,2017,11,21,3,DL,15096,"Syracuse, NY",10397,"Atlanta, GA",545,835,0,0,0,794
212941,2017,11,27,2,WN,10693,"Nashville, TN",14635,"Fort Myers, FL",900,1200,0,0,0,722
236549,2017,11,1,4,AA,11298,"Dallas/Fort Worth, TX",11278,"Washington, DC",1655,2035,0,0,0,1192
392273,2017,12,26,1,OO,13487,"Minneapolis, MN",12892,"Los Angeles, CA",625,829,0,0,0,1535
325695,2017,12,8,4,DL,10397,"Atlanta, GA",11433,"Detroit, MI",1856,2058,8,0,0,594
176166,2017,12,30,5,US,14100,"Philadelphia, PA",14492,"Raleigh/Durham, NC",1815,1949,0,0,0,337
339259,2017,12,14,3,DL,11433,"Detroit, MI",11618,"Newark, NJ",1356,1549,0,0,0,488
6928,2017,12,18,7,DL,10821,"Baltimore, MD",13487,"Minneapolis, MN",1705,1850,0,0,0,936
21045,2017,12,6,2,EV,11140,"Corpus Christi, TX",11298,"Dallas/Fort Worth, TX",1416,1535,56,1,0,354
201848,2017,12,23,5,WN,14492,"Raleigh/Durham, NC",11697,"Fort Lauderdale, FL",1305,1520,0,0,0,680
273928,2017,12,25,7,AA,11066,"Columbus, OH",11298,"Dallas/Fort Worth, TX",856,1055,0,0,0,926
32455,2017,12,31,6,DL,13851,"Oklahoma City, OK",10397,"Atlanta, GA",600,906,0,0,0,761
314405,2017,12,2,5,DL,14869,"Salt Lake City, UT",14570,"Reno, NV",1650,1718,66,1,0,422
346572,2017,12,15,4,DL,10397,"Atlanta, GA",14100,"Philadelphia, PA",1915,2117,0,0,0,666
104653,2017,1,25,7,MQ,11140,"Corpus Christi, TX",11298,"Dallas/Fort Worth, TX",1810,1930,9,0,0,354
216359,2017,1,28,3,WN,13204,"Orlando, FL",13931,"Norfolk, VA",1810,1955,14,0,0,655
227316,2017,1,18,7,WN,14635,"Fort Myers, FL",13342,"Milwaukee, WI",935,1150,0,0,0,1183
435496,2017,1,11,7,UA,13930,"Chicago, IL",14057,"Portland, OR",1706,1943,18,1,0,1739
466155,2017,2,21,3,US,13495,"New Orleans, LA",11057,"Charlotte, NC",1058,1346,0,0,0,651
239650,2017,2,19,1,AA,14771,"San Francisco, CA",13930,"Chicago, IL",1731,2334,0,0,0,1846
419440,2017,2,23,5,UA,12889,"Las Vegas, NV",14771,"San Francisco, CA",956,1140,0,0,0,414
455625,2017,2,9,5,US,14100,"Philadelphia, PA",11298,"Dallas/Fort Worth, TX",1410,1659,11,0,0,1303
435028,2017,2,9,5,UA,12953,"New York, NY",11292,"Denver, CO",1712,1951,0,0,0,1620
305354,2017,3,31,6,B6,12953,"New York, NY",11697,"Fort Lauderdale, FL",2130,26,82,1,0,1076
36687,2017,3,16,5,EV,14685,"Savannah, GA",11618,"Newark, NJ",1308,1518,2,0,0,708
442630,2017,3,4,7,UA,11292,"Denver, CO",12266,"Houston, TX",1849,2206,106,1,0,862
160648,2017,3,10,6,WN,13204,"Orlando, FL",14100,"Philadelphia, PA",1130,1350,22,1,0,861
129788,2017,3,1,4,WN,11292,"Denver, CO",10821,"Baltimore, MD",845,1400,0,0,0,1491
336634,2017,3,12,1,DL,10397,"Atlanta, GA",11278,"Washington, DC",1520,1707,23,1,0,547
401873,2018,3,11,7,OO,13930,"Chicago, IL",13871,"Omaha, NE",1155,1328,0,0,0,416
387757,2018,4,28,3,OO,14107,"Phoenix, AZ",14747,"Seattle, WA",1043,1253,0,0,0,1107
279203,2018,4,2,5,AS,10299,"Anchorage, AK",10926,"Cordova, AK",1532,1622,9,0,0,160
388203,2018,4,18,7,OO,12892,"Los Angeles, CA",12441,"Jackson, WY",806,1128,0,0,0,784
228161,2018,4,30,5,WN,11057,"Charlotte, NC",12191,"Houston, TX",1045,1245,0,0,0,920
325994,2018,4,8,4,DL,12339,"Indianapolis, IN",10397,"Atlanta, GA",805,954,18,1,0,432
68169,2018,4,29,4,EV,10874,"Akron, OH",13930,"Chicago, IL",1856,1925,17,1,0,343
231828,2018,4,13,2,WN,14492,"Raleigh/Durham, NC",15304,"Tampa, FL",1240,1435,0,0,0,587
343176,2018,4,8,4,AA,12478,"New York, NY",13303,"Miami, FL",1915,2230,84,1,0,1089
270454,2018,5,16,5,AA,15016,"St. Louis, MO",11298,"Dallas/Fort Worth, TX",1853,2046,0,0,0,550
54858,2018,5,29,4,EV,10397,"Atlanta, GA",13277,"Montgomery, AL",1155,1151,0,0,0,147
398722,2018,5,31,6,OO,11603,"Eugene, OR",11292,"Denver, CO",530,906,0,0,0,996
208281,2018,5,26,1,WN,11697,"Fort Lauderdale, FL",15304,"Tampa, FL",705,810,0,0,0,197
2541,2018,6,22,4,DL,10397,"Atlanta, GA",13487,"Minneapolis, MN",2140,2320,0,0,0,907
246847,2018,6,5,1,AA,13303,"Miami, FL",11278,"Washington, DC",1425,1655,0,0,0,919
277788,2018,6,3,6,AS,14747,"Seattle, WA",10299,"Anchorage, AK",1510,1749,18,1,0,1448
137103,2018,6,2,5,WN,14869,"Salt Lake City, UT",11292,"Denver, CO",1435,1600,1,0,0,391
24456,2018,6,22,4,EV,13930,"Chicago, IL",10434,"Scranton/Wilkes-Barre, PA",1325,1610,6,0,0,632
148053,2018,7,7,3,WN,12889,"Las Vegas, NV",12892,"Los Angeles, CA",935,1050,17,1,0,236
104999,2018,7,22,4,MQ,12953,"New York, NY",14730,"Louisville, KY",1859,2112,58,1,0,659
384175,2018,7,30,5,OO,11986,"Grand Rapids, MI",11433,"Detroit, MI",1015,1122,0,0,0,120
246844,2018,7,2,5,AA,13303,"Miami, FL",11278,"Washington, DC",1425,1655,0,0,0,919
240748,2018,7,11,7,AA,10397,"Atlanta, GA",11298,"Dallas/Fort Worth, TX",1211,1345,0,0,0,731
369814,2018,7,12,1,OO,15370,"Tulsa, OK",14869,"Salt Lake City, UT",1746,1930,0,0,0,926
327612,2018,8,9,5,DL,13487,"Minneapolis, MN",13495,"New Orleans, LA",1005,1259,0,0,0,1039
441105,2018,8,3,6,UA,12478,"New York, NY",14771,"San Francisco, CA",859,1237,0,0,0,2586
50661,2018,8,30,5,EV,13422,"Mobile, AL",10397,"Atlanta, GA",1844,2055,0,0,0,302
9743,2018,8,26,1,DL,10397,"Atlanta, GA",14107,"Phoenix, AZ",1914,2135,3,0,0,1587
298162,2018,8,22,4,B6,12451,"Jacksonville, FL",12478,"New York, NY",1121,1330,3,0,0,828
447847,2018,8,3,6,US,14107,"Phoenix, AZ",14869,"Salt Lake City, UT",1445,1621,22,1,0,507
402676,2018,8,25,7,OO,13930,"Chicago, IL",14108,"Peoria, IL",950,1047,32,1,0,130
259078,2018,8,19,1,AA,11298,"Dallas/Fort Worth, TX",11292,"Denver, CO",1740,1842,2,0,0,641
172310,2018,8,14,3,WN,12892,"Los Angeles, CA",14107,"Phoenix, AZ",2020,2235,2,0,0,370
303563,2018,9,26,1,B6,14057,"Portland, OR",12478,"New York, NY",2115,513,,,1,2454
117375,2018,9,4,7,NK,11433,"Detroit, MI",12953,"New York, NY",1555,1740,119,1,0,502
134901,2018,9,3,6,WN,10693,"Nashville, TN",12953,"New York, NY",1150,1455,134,1,0,764
418257,2018,9,23,5,UA,14635,"Fort Myers, FL",11618,"Newark, NJ",901,1148,0,0,0,1068
361255,2018,9,11,7,OO,14869,"Salt Lake City, UT",15376,"Tucson, AZ",1505,1654,59,1,0,601
225510,2018,9,30,5,WN,12889,"Las Vegas, NV",14570,"Reno, NV",700,820,0,0,0,345
401472,2018,10,22,4,OO,13930,"Chicago, IL",11298,"Dallas/Fort Worth, TX",1720,1955,38,1,0,802
400924,2018,10,14,3,OO,14771,"San Francisco, CA",14570,"Reno, NV",801,859,2,0,0,192
254321,2018,10,23,5,AA,11298,"Dallas/Fort Worth, TX",11066,"Columbus, OH",1815,2133,0,0,0,926
350403,2018,10,20,2,DL,10397,"Atlanta, GA",10994,"Charleston, SC",1506,1619,0,0,0,259
103938,2018,10,12,1,MQ,11298,"Dallas/Fort Worth, TX",14783,"Springfield, MO",2125,2237,60,1,0,364
387598,2018,10,17,6,OO,14747,"Seattle, WA",14831,"San Jose, CA",1815,2017,3,0,0,697
300480,2018,11,28,3,B6,10792,"Buffalo, NY",10721,"Boston, MA",845,1006,,,1,395
404341,2018,11,20,2,OO,14869,"Salt Lake City, UT",14771,"San Francisco, CA",1536,1645,159,1,0,599
54236,2018,11,9,5,EV,11433,"Detroit, MI",14307,"Providence, RI",1408,1558,146,1,0,615
18876,2018,11,23,5,DL,10397,"Atlanta, GA",10821,"Baltimore, MD",1350,1539,0,0,0,577
462069,2018,11,17,6,US,14771,"San Francisco, CA",14107,"Phoenix, AZ",1550,1845,0,0,0,651
153225,2018,11,6,2,WN,12889,"Las Vegas, NV",14893,"Sacramento, CA",1930,2100,17,1,0,397
382426,2018,11,30,5,OO,13487,"Minneapolis, MN",12389,"Williston, ND",1936,2147,15,1,0,546
183165,2018,12,16,5,WN,14122,"Pittsburgh, PA",10693,"Nashville, TN",1055,1145,0,0,0,462
51221,2018,12,20,2,EV,10397,"Atlanta, GA",13377,"Monroe, LA",1300,1337,0,0,0,448
245006,2018,12,6,2,AA,13256,"Mission/McAllen/Edinburg, TX",11298,"Dallas/Fort Worth, TX",1522,1700,4,0,0,469
137482,2018,12,3,6,WN,13232,"Chicago, IL",13871,"Omaha, NE",1255,1420,27,1,0,423
402616,2018,12,11,7,OO,13930,"Chicago, IL",14122,"Pittsburgh, PA",1542,1812,2,0,0,413
333126,2018,12,12,1,DL,11042,"Cleveland, OH",10397,"Atlanta, GA",1300,1504,37,1,0,554
356172,2018,12,12,1,NK,13930,"Chicago, IL",13204,"Orlando, FL",1006,1343,36,1,0,1005
145374,2018,12,5,1,WN,14747,"Seattle, WA",12889,"Las Vegas, NV",715,940,0,0,0,867
66881,2018,12,26,1,EV,11292,"Denver, CO",13502,"Montrose/Delta, CO",1521,1622,0,0,0,196
130856,2018,12,4,7,VX,12892,"Los Angeles, CA",11697,"Fort Lauderdale, FL",1015,1800,2,0,0,2342
369688,2018,12,30,5,OO,14107,"Phoenix, AZ",11921,"Grand Junction, CO",950,1124,15,1,0,438
452635,2018,1,8,4,US,12889,"Las Vegas, NV",11278,"Washington, DC",1330,2049,0,0,0,2089
181742,2018,1,17,6,WN,13232,"Chicago, IL",13244,"Memphis, TN",1435,1610,0,0,0,480
31958,2018,1,31,6,DL,15027,"Christiansted, VI",10397,"Atlanta, GA",1635,2000,0,0,0,1638
83896,2018,1,1,4,HA,12758,"Kona, HI",12173,"Honolulu, HI",843,926,0,0,0,163
162679,2018,2,11,7,WN,14107,"Phoenix, AZ",11259,"Dallas, TX",2000,2310,11,0,0,879
188575,2018,2,19,1,WN,11278,"Washington, DC",13232,"Chicago, IL",1905,2015,0,0,0,601
351518,2018,2,21,3,DL,13303,"Miami, FL",12478,"New York, NY",1700,2001,56,1,0,1089
310637,2018,2,14,3,AA,14679,"San Diego, CA",13930,"Chicago, IL",1210,1809,0,0,0,1723
185272,2018,2,18,7,WN,11697,"Fort Lauderdale, FL",15304,"Tampa, FL",1305,1415,0,0,0,197
109504,2018,3,26,1,MQ,13303,"Miami, FL",14193,"Pensacola, FL",920,1014,0,0,0,530
431446,2018,3,10,6,UA,11298,"Dallas/Fort Worth, TX",11292,"Denver, CO",923,1030,0,0,0,641
150990,2018,3,8,4,WN,10397,"Atlanta, GA",11066,"Columbus, OH",925,1110,0,0,0,447
942,2018,3,20,2,DL,10397,"Atlanta, GA",14100,"Philadelphia, PA",725,925,0,0,0,666
462802,2018,3,20,2,US,12478,"New York, NY",14107,"Phoenix, AZ",630,1020,0,0,0,2153
227271,2018,3,18,7,WN,14492,"Raleigh/Durham, NC",15016,"St. Louis, MO",815,935,0,0,0,667
227849,2018,3,19,1,WN,10140,"Albuquerque, NM",11292,"Denver, CO",1855,2015,5,0,0,349
290075,2018,4,27,2,AS,14747,"Seattle, WA",11884,"Spokane, WA",1600,1658,0,0,0,224
342985,2018,4,17,6,DL,11697,"Fort Lauderdale, FL",13487,"Minneapolis, MN",1130,1432,0,0,0,1487
419848,2018,4,21,3,UA,12264,"Washington, DC",12892,"Los Angeles, CA",826,1117,0,0,0,2288
226026,2018,4,30,5,WN,13232,"Chicago, IL",12892,"Los Angeles, CA",1905,2150,0,0,0,1750
387948,2018,4,20,2,OO,14730,"Louisville, KY",13930,"Chicago, IL",1050,1114,75,1,0,287
110115,2018,4,19,1,EV,13930,"Chicago, IL",12448,"Jackson/Vicksburg, MS",2005,2226,0,0,0,677
264185,2018,4,20,2,AA,13244,"Memphis, TN",11298,"Dallas/Fort Worth, TX",1005,1145,0,0,0,432
3559,2018,4,23,5,DL,13487,"Minneapolis, MN",14771,"San Francisco, CA",1940,2158,0,0,0,1589
19407,2018,5,31,6,DL,11433,"Detroit, MI",14869,"Salt Lake City, UT",835,1047,0,0,0,1481
166441,2018,5,12,1,WN,11433,"Detroit, MI",11292,"Denver, CO",640,805,12,0,0,1123
41635,2018,5,11,7,EV,11292,"Denver, CO",12896,"Lubbock, TX",1103,1330,38,1,0,456
400750,2018,5,27,2,OO,11292,"Denver, CO",11921,"Grand Junction, CO",757,857,0,0,0,212
53828,2018,6,12,1,EV,13487,"Minneapolis, MN",11042,"Cleveland, OH",1915,2206,0,0,0,622
175399,2018,6,14,3,WN,10821,"Baltimore, MD",14307,"Providence, RI",2210,2320,2,0,0,327
195078,2018,6,21,3,WN,14107,"Phoenix, AZ",13891,"Ontario, CA",1150,1200,6,0,0,325
282238,2018,6,19,1,AS,13830,"Kahului, HI",14057,"Portland, OR",1210,1930,9,0,0,2562
71944,2018,6,20,2,EV,11637,"Fargo, ND",13930,"Chicago, IL",1033,1228,4,0,0,557
323600,2018,7,7,3,DL,10397,"Atlanta, GA",12889,"Las Vegas, NV",1100,1243,0,0,0,1747
307898,2018,7,23,5,B6,11697,"Fort Lauderdale, FL",14843,"San Juan, PR",2355,319,0,0,0,1046
364678,2018,7,9,5,OO,10627,"Bismarck/Mandan, ND",11292,"Denver, CO",627,720,824,1,0,516
311379,2018,7,1,4,DL,12953,"New York, NY",10397,"Atlanta, GA",1600,1851,0,0,0,762
31792,2018,7,23,5,DL,13204,"Orlando, FL",10397,"Atlanta, GA",1930,2105,12,0,0,404
250272,2018,7,1,4,AA,14100,"Philadelphia, PA",11298,"Dallas/Fort Worth, TX",1210,1500,33,1,0,1303
84477,2018,8,25,7,HA,12173,"Honolulu, HI",13830,"Kahului, HI",936,1013,0,0,0,100
391713,2018,8,9,5,OO,12892,"Los Angeles, CA",10423,"Austin, TX",830,1327,9,0,0,1242
167738,2018,8,11,7,WN,14307,"Providence, RI",11697,"Fort Lauderdale, FL",1440,1805,0,0,0,1188
463544,2018,8,18,7,US,14307,"Providence, RI",11057,"Charlotte, NC",600,825,0,0,0,683
74178,2018,8,13,2,EV,11203,"Mosinee, WI",13930,"Chicago, IL",600,720,2,0,0,212
285594,2018,8,23,5,AS,14747,"Seattle, WA",13796,"Oakland, CA",1020,1220,18,1,0,671
315140,2018,8,4,7,DL,11433,"Detroit, MI",11697,"Fort Lauderdale, FL",834,1151,33,1,0,1127
366225,2018,8,4,7,OO,13264,"Medford, OR",11292,"Denver, CO",540,921,0,0,0,964
257328,2018,8,11,7,AA,13891,"Ontario, CA",11298,"Dallas/Fort Worth, TX",715,1210,0,0,0,1188
240422,2018,9,16,5,AA,14869,"Salt Lake City, UT",11298,"Dallas/Fort Worth, TX",558,940,2,0,0,989
255434,2018,9,5,1,AA,11278,"Washington, DC",13303,"Miami, FL",1250,1529,5,0,0,919
440305,2018,9,5,1,UA,12266,"Houston, TX",12953,"New York, NY",1136,1602,45,1,0,1416
337016,2018,9,12,1,DL,11433,"Detroit, MI",13342,"Milwaukee, WI",1215,1232,0,0,0,237
349150,2018,9,19,1,DL,13204,"Orlando, FL",11193,"Cincinnati, OH",1650,1900,0,0,0,757
419985,2018,9,21,3,UA,13930,"Chicago, IL",12892,"Los Angeles, CA",1206,1441,0,0,0,1744
169856,2018,10,12,1,US,10721,"Boston, MA",14107,"Phoenix, AZ",1618,2015,0,0,0,2300
265695,2018,10,10,6,AA,14843,"San Juan, PR",11298,"Dallas/Fort Worth, TX",940,1310,0,0,0,2165
358949,2018,10,15,4,NK,13930,"Chicago, IL",11292,"Denver, CO",2140,2322,0,0,0,888
57757,2018,10,14,3,DL,11298,"Dallas/Fort Worth, TX",10397,"Atlanta, GA",1045,1348,0,0,0,731
100706,2018,10,9,5,MQ,12953,"New York, NY",11267,"Dayton, OH",1356,1548,88,1,0,549
79967,2018,10,28,3,HA,14771,"San Francisco, CA",13830,"Kahului, HI",950,1315,0,0,0,2338
324760,2018,11,8,4,DL,14908,"Santa Ana, CA",14869,"Salt Lake City, UT",1310,1557,0,0,0,588
270505,2018,11,5,1,AA,13495,"New Orleans, LA",11298,"Dallas/Fort Worth, TX",1940,2115,23,1,0,447
365305,2018,11,9,5,OO,13931,"Norfolk, VA",13930,"Chicago, IL",732,855,,,1,717
384652,2018,11,2,5,OO,13486,"Missoula, MT",14869,"Salt Lake City, UT",1313,1441,0,0,0,436
28238,2018,11,21,3,EV,11042,"Cleveland, OH",10721,"Boston, MA",1136,1324,20,1,0,563
80570,2018,11,8,4,HA,13830,"Kahului, HI",12173,"Honolulu, HI",736,811,6,0,0,100
150575,2018,11,7,3,WN,11540,"El Paso, TX",10423,"Austin, TX",830,1100,0,0,0,528
205707,2018,12,23,5,WN,15304,"Tampa, FL",10423,"Austin, TX",1000,1150,13,0,0,928
93046,2018,12,16,5,MQ,11298,"Dallas/Fort Worth, TX",11995,"Greensboro/High Point, NC",1420,1744,0,0,0,999
400920,2018,12,11,7,OO,14771,"San Francisco, CA",14570,"Reno, NV",810,908,3,0,0,192
47669,2018,12,14,3,EV,10980,"Chattanooga, TN",11433,"Detroit, MI",730,918,0,0,0,505
45694,2018,12,16,5,EV,12266,"Houston, TX",10397,"Atlanta, GA",600,853,5,0,0,689
142404,2018,12,4,7,WN,14869,"Salt Lake City, UT",11292,"Denver, CO",650,830,0,0,0,391
23252,2018,12,6,2,EV,11298,"Dallas/Fort Worth, TX",12992,"Little Rock, AR",1155,1302,5,0,0,304
434909,2018,12,9,5,UA,13204,"Orlando, FL",12264,"Washington, DC",1349,1556,40,1,0,758
198751,2018,12,22,4,WN,13796,"Oakland, CA",14679,"San Diego, CA",2050,2215,0,0,0,446
344692,2018,12,16,5,DL,12953,"New York, NY",10397,"Atlanta, GA",1059,1347,10,0,0,762
197497,2018,12,22,4,WN,10397,"Atlanta, GA",11278,"Washington, DC",945,1125,0,0,0,547
386178,2018,1,15,4,OO,14908,"Santa Ana, CA",14869,"Salt Lake City, UT",705,1004,7,0,0,588
325882,2018,1,8,4,DL,10397,"Atlanta, GA",10994,"Charleston, SC",815,925,0,0,0,259
170213,2018,1,15,4,US,14107,"Phoenix, AZ",14771,"San Francisco, CA",2115,2223,0,0,0,651
400565,2018,1,22,4,OO,14771,"San Francisco, CA",10800,"Burbank, CA",1229,1341,4,0,0,326
112471,2018,2,17,6,MQ,11298,"Dallas/Fort Worth, TX",14783,"Springfield, MO",1130,1245,0,0,0,364
218089,2018,2,8,4,WN,14307,"Providence, RI",10821,"Baltimore, MD",1345,1510,0,0,0,327
457087,2018,2,11,7,US,13204,"Orlando, FL",11057,"Charlotte, NC",640,818,0,0,0,468
95807,2018,2,19,1,MQ,14524,"Richmond, VA",13930,"Chicago, IL",600,730,2,0,0,642
196727,2018,2,21,3,WN,13232,"Chicago, IL",13487,"Minneapolis, MN",850,1020,0,0,0,349
78198,2018,3,27,2,F9,10423,"Austin, TX",11292,"Denver, CO",1932,2045,0,0,0,775
342852,2018,3,17,6,DL,10397,"Atlanta, GA",10980,"Chattanooga, TN",2145,2232,0,0,0,106
188077,2018,3,19,1,WN,10721,"Boston, MA",10821,"Baltimore, MD",2040,2220,0,0,0,369
290405,2018,3,28,3,AS,14057,"Portland, OR",14679,"San Diego, CA",1215,1433,16,1,0,933
321517,2018,3,6,2,DL,12953,"New York, NY",11697,"Fort Lauderdale, FL",1100,1425,25,1,0,1076
144591,2018,3,6,2,WN,11697,"Fort Lauderdale, FL",12191,"Houston, TX",1725,1930,0,0,0,957
332929,2018,3,12,1,DL,10397,"Atlanta, GA",15624,"Valparaiso, FL",1049,1104,5,0,0,250
296265,2018,4,8,4,B6,10721,"Boston, MA",10792,"Buffalo, NY",627,809,0,0,0,395
451185,2018,4,7,3,US,11278,"Washington, DC",14107,"Phoenix, AZ",1025,1338,10,0,0,1979
354388,2018,4,23,5,NK,11298,"Dallas/Fort Worth, TX",11697,"Fort Lauderdale, FL",1642,2026,0,0,0,1119
341343,2018,4,16,5,DL,10397,"Atlanta, GA",12953,"New York, NY",1645,1859,41,1,0,762
161256,2018,4,10,6,WN,10821,"Baltimore, MD",11433,"Detroit, MI",825,1010,0,0,0,409
30112,2018,4,7,3,EV,13930,"Chicago, IL",11267,"Dayton, OH",841,1054,8,0,0,240
455698,2018,4,9,5,US,12892,"Los Angeles, CA",14107,"Phoenix, AZ",1005,1221,4,0,0,370
59941,2018,4,29,4,EV,10685,"Bloomington/Normal, IL",10397,"Atlanta, GA",600,835,0,0,0,533
55539,2018,5,24,6,EV,10397,"Atlanta, GA",13277,"Montgomery, AL",1820,1813,0,0,0,147
399444,2018,5,7,3,OO,14262,"Palm Springs, CA",12892,"Los Angeles, CA",1726,1815,0,0,0,110
80721,2018,5,17,6,F9,14679,"San Diego, CA",11292,"Denver, CO",1957,2307,0,0,0,853
460732,2018,5,14,3,US,15304,"Tampa, FL",11057,"Charlotte, NC",655,836,0,0,0,507
237456,2018,6,3,6,AA,14771,"San Francisco, CA",13303,"Miami, FL",700,1524,8,0,0,2585
336100,2018,6,13,2,DL,10397,"Atlanta, GA",11996,"Greer, SC",2045,2140,0,0,0,153
341227,2018,6,16,5,DL,11433,"Detroit, MI",11057,"Charlotte, NC",1010,1210,0,0,0,500
206038,2018,6,24,6,WN,14679,"San Diego, CA",13204,"Orlando, FL",1030,1755,3,0,0,2149
175102,2018,6,14,3,WN,10693,"Nashville, TN",10821,"Baltimore, MD",650,935,,,1,587
355108,2018,7,20,2,NK,14635,"Fort Myers, FL",11433,"Detroit, MI",1020,1307,11,0,0,1084
226274,2018,7,30,5,WN,15016,"St. Louis, MO",13871,"Omaha, NE",1655,1810,0,0,0,342
183816,2018,7,18,7,WN,10693,"Nashville, TN",11433,"Detroit, MI",1950,2220,9,0,0,456
29412,2018,7,23,5,EV,10747,"Brownsville, TX",12266,"Houston, TX",1053,1205,32,1,0,308
359135,2018,7,15,4,NK,13796,"Oakland, CA",13930,"Chicago, IL",853,1500,0,0,0,1836
397277,2018,7,18,7,OO,14698,"San Luis Obispo, CA",14771,"San Francisco, CA",1002,1118,,,0,190
226852,2018,8,17,6,WN,15016,"St. Louis, MO",13495,"New Orleans, LA",1600,1745,0,0,0,604
437871,2018,8,6,2,UA,13930,"Chicago, IL",11042,"Cleveland, OH",2015,2235,0,0,0,315
77913,2018,8,12,1,F9,14771,"San Francisco, CA",14107,"Phoenix, AZ",1020,1315,0,0,0,651
18021,2018,8,29,4,DL,13342,"Milwaukee, WI",10397,"Atlanta, GA",1800,2111,0,0,0,669
30508,2018,8,30,5,EV,12266,"Houston, TX",12992,"Little Rock, AR",720,842,0,0,0,374
167052,2018,8,13,2,WN,10693,"Nashville, TN",13232,"Chicago, IL",625,800,0,0,0,395
422700,2018,8,20,2,UA,14771,"San Francisco, CA",12478,"New York, NY",1050,1927,0,0,0,2586
250461,2018,8,5,1,AA,11298,"Dallas/Fort Worth, TX",14730,"Louisville, KY",1145,1440,0,0,0,733
124129,2018,8,30,5,US,11278,"Washington, DC",12953,"New York, NY",1600,1723,0,0,0,214
457241,2018,9,11,7,US,13930,"Chicago, IL",14107,"Phoenix, AZ",1705,1959,13,0,0,1440
318741,2018,9,4,7,DL,14057,"Portland, OR",13487,"Minneapolis, MN",655,1218,0,0,0,1426
398839,2018,9,31,6,OO,10713,"Boise, ID",14771,"San Francisco, CA",815,910,0,0,0,522
355521,2018,9,4,7,NK,13495,"New Orleans, LA",12266,"Houston, TX",1018,1131,0,0,0,305
358023,2018,9,14,3,NK,13495,"New Orleans, LA",13930,"Chicago, IL",1840,2058,0,0,0,837
68629,2018,9,5,1,EV,13851,"Oklahoma City, OK",13930,"Chicago, IL",659,905,54,1,0,693
267368,2019,10,1,4,AA,11057,"Charlotte, NC",13303,"Miami, FL",1315,1521,0,0,0,650
128720,2019,10,23,5,VX,12264,"Washington, DC",12892,"Los Angeles, CA",900,1150,0,0,0,2288
264810,2019,10,25,7,AA,13930,"Chicago, IL",10721,"Boston, MA",1555,1906,0,0,0,867
296880,2019,10,2,5,B6,15304,"Tampa, FL",11618,"Newark, NJ",1945,2217,0,0,0,997
439657,2019,10,7,3,UA,14771,"San Francisco, CA",13830,"Kahului, HI",845,1220,0,0,0,2338
370422,2019,10,4,7,OO,12892,"Los Angeles, CA",11041,"Carlsbad, CA",1000,1045,0,0,0,86
136876,2019,11,2,5,WN,14679,"San Diego, CA",14893,"Sacramento, CA",2000,2130,0,0,0,480
88282,2019,11,15,4,MQ,13930,"Chicago, IL",14633,"Rochester, MN",1525,1636,0,0,0,268
364164,2019,11,18,7,OO,13891,"Ontario, CA",14771,"San Francisco, CA",1003,1131,,,0,363
457218,2019,11,11,7,US,14100,"Philadelphia, PA",11298,"Dallas/Fort Worth, TX",930,1221,0,0,0,1303
36986,2019,11,30,5,EV,11618,"Newark, NJ",11066,"Columbus, OH",2000,2155,13,0,0,463
286271,2019,11,25,7,AS,12889,"Las Vegas, NV",14747,"Seattle, WA",910,1145,0,0,0,867
465730,2019,11,21,3,US,11292,"Denver, CO",14107,"Phoenix, AZ",1450,1640,53,1,0,602
191134,2019,12,20,2,WN,10397,"Atlanta, GA",12892,"Los Angeles, CA",1850,2100,14,0,0,1947
122254,2019,12,27,2,US,12889,"Las Vegas, NV",14107,"Phoenix, AZ",1145,1353,0,0,0,255
139029,2019,12,4,7,WN,11259,"Dallas, TX",12191,"Houston, TX",900,1005,28,1,0,239
134212,2019,12,2,5,WN,11618,"Newark, NJ",13232,"Chicago, IL",620,750,10,0,0,711
196112,2019,12,21,3,WN,12889,"Las Vegas, NV",12892,"Los Angeles, CA",800,910,0,0,0,236
91497,2019,12,21,3,MQ,11066,"Columbus, OH",13930,"Chicago, IL",825,910,19,1,0,296
422682,2019,12,20,2,UA,14771,"San Francisco, CA",13930,"Chicago, IL",600,1214,0,0,0,1846
287128,2019,12,28,3,B6,11697,"Fort Lauderdale, FL",11618,"Newark, NJ",1710,2006,15,1,0,1065
248508,2019,12,25,7,AA,14679,"San Diego, CA",11298,"Dallas/Fort Worth, TX",1736,2225,0,0,0,1171
254657,2019,12,27,2,AA,11298,"Dallas/Fort Worth, TX",14524,"Richmond, VA",1845,2222,6,0,0,1158
63175,2019,12,13,2,EV,10529,"Hartford, CT",11433,"Detroit, MI",1230,1435,0,0,0,549
325265,2019,1,3,6,DL,10821,"Baltimore, MD",10397,"Atlanta, GA",745,950,0,0,0,577
99950,2019,1,13,2,MQ,12953,"New York, NY",14492,"Raleigh/Durham, NC",2100,2237,0,0,0,431
338651,2019,1,14,3,DL,13487,"Minneapolis, MN",11697,"Fort Lauderdale, FL",1005,1446,0,0,0,1487
432511,2019,1,21,3,OO,12892,"Los Angeles, CA",14689,"Santa Barbara, CA",1000,1046,0,0,0,89
351031,2019,2,20,2,DL,13204,"Orlando, FL",10397,"Atlanta, GA",1530,1708,0,0,0,404
363370,2019,2,1,4,NK,12889,"Las Vegas, NV",13930,"Chicago, IL",1720,2252,0,0,0,1514
258198,2019,2,23,5,AA,11298,"Dallas/Fort Worth, TX",15016,"St. Louis, MO",1405,1544,0,0,0,550
94154,2019,2,11,7,MQ,13930,"Chicago, IL",11433,"Detroit, MI",1610,1832,110,1,0,235
299145,2019,2,17,6,B6,10721,"Boston, MA",14027,"West Palm Beach/Palm Beach, FL",600,925,0,0,0,1197
13482,2019,3,26,1,DL,13487,"Minneapolis, MN",11433,"Detroit, MI",1114,1400,4,0,0,528
135966,2019,3,2,5,WN,13232,"Chicago, IL",13871,"Omaha, NE",845,1010,20,1,0,423
103821,2019,3,2,5,MQ,12953,"New York, NY",14492,"Raleigh/Durham, NC",1315,1458,0,0,0,431
435887,2019,3,8,4,UA,12266,"Houston, TX",14107,"Phoenix, AZ",1134,1339,0,0,0,1009
278382,2019,3,4,7,AS,14679,"San Diego, CA",14747,"Seattle, WA",1415,1709,4,0,0,1050
323805,2019,3,7,3,DL,13871,"Omaha, NE",10397,"Atlanta, GA",1744,2057,0,0,0,821
2027,2019,3,19,1,DL,12191,"Houston, TX",10397,"Atlanta, GA",810,1109,0,0,0,696
231614,2019,4,13,2,WN,14107,"Phoenix, AZ",10792,"Buffalo, NY",1610,2215,0,0,0,1912
350089,2019,4,7,3,B6,12478,"New York, NY",11697,"Fort Lauderdale, FL",1730,2044,9,0,0,1069
415324,2020,4,24,6,UA,12266,"Houston, TX",12889,"Las Vegas, NV",909,1042,0,0,0,1222
271946,2020,4,30,5,AA,13930,"Chicago, IL",11298,"Dallas/Fort Worth, TX",1737,2010,0,0,0,802
458202,2020,4,4,7,US,11057,"Charlotte, NC",15096,"Syracuse, NY",1620,1801,0,0,0,603
92160,2020,4,11,7,MQ,11193,"Cincinnati, OH",13930,"Chicago, IL",1400,1428,0,0,0,265
411488,2020,4,28,3,UA,11618,"Newark, NJ",11697,"Fort Lauderdale, FL",2028,2331,0,0,0,1065
14821,2020,4,28,3,DL,11292,"Denver, CO",13487,"Minneapolis, MN",610,925,0,0,0,680
310789,2020,5,16,5,AA,14492,"Raleigh/Durham, NC",13303,"Miami, FL",620,827,19,1,0,700
107925,2020,5,14,3,MQ,14842,"San Angelo, TX",11298,"Dallas/Fort Worth, TX",1532,1635,0,0,0,229
256037,2020,5,7,3,AA,11298,"Dallas/Fort Worth, TX",13204,"Orlando, FL",2015,2333,8,0,0,985
345227,2020,5,18,7,DL,10397,"Atlanta, GA",14027,"West Palm Beach/Palm Beach, FL",957,1148,0,0,0,545
22667,2020,6,29,4,EV,15412,"Knoxville, TN",11298,"Dallas/Fort Worth, TX",1452,1625,0,0,0,772
121520,2020,6,28,3,US,14107,"Phoenix, AZ",13871,"Omaha, NE",959,1340,0,0,0,1037
306893,2020,6,19,1,B6,11697,"Fort Lauderdale, FL",11618,"Newark, NJ",615,900,0,0,0,1065
283835,2020,6,19,1,AS,14747,"Seattle, WA",11618,"Newark, NJ",805,1614,0,0,0,2402
347878,2020,6,19,1,DL,12953,"New York, NY",10397,"Atlanta, GA",759,1051,0,0,0,762
18826,2020,7,23,5,DL,12217,"Huntsville, AL",10397,"Atlanta, GA",1100,1302,18,1,0,151
70032,2020,7,29,4,DL,10397,"Atlanta, GA",13204,"Orlando, FL",1655,1823,0,0,0,404
451596,2020,7,5,1,US,14100,"Philadelphia, PA",14107,"Phoenix, AZ",1340,1659,6,0,0,2075
196572,2020,7,21,3,WN,13204,"Orlando, FL",14307,"Providence, RI",2100,2335,0,0,0,1072
115702,2020,7,6,2,MQ,11995,"Greensboro/High Point, NC",11298,"Dallas/Fort Worth, TX",727,950,0,0,0,999
18948,2020,7,23,5,DL,14492,"Raleigh/Durham, NC",10397,"Atlanta, GA",710,857,15,1,0,356
294399,2020,8,3,6,B6,15304,"Tampa, FL",10721,"Boston, MA",1600,1854,,,0,1185
423102,2020,8,20,2,UA,14771,"San Francisco, CA",14908,"Santa Ana, CA",1335,1505,114,1,0,372
257485,2020,8,30,5,AA,14122,"Pittsburgh, PA",11298,"Dallas/Fort Worth, TX",1335,1550,10,0,0,1067
210811,2020,8,25,7,WN,14193,"Pensacola, FL",10693,"Nashville, TN",1650,1810,12,0,0,391
106444,2020,8,21,3,MQ,12953,"New York, NY",14492,"Raleigh/Durham, NC",1700,1847,0,0,0,431
38974,2020,8,28,3,EV,14193,"Pensacola, FL",12266,"Houston, TX",621,812,0,0,0,489
367737,2020,8,7,3,OO,11292,"Denver, CO",13244,"Memphis, TN",1011,1332,26,1,0,872
152685,2020,8,8,4,WN,12889,"Las Vegas, NV",10800,"Burbank, CA",1535,1640,0,0,0,223
365473,2020,8,23,5,OO,14698,"San Luis Obispo, CA",12892,"Los Angeles, CA",1458,1603,0,0,0,156
426771,2020,9,13,2,UA,12264,"Washington, DC",12266,"Houston, TX",815,1045,2,0,0,1190
445235,2020,9,2,5,UA,13930,"Chicago, IL",10721,"Boston, MA",1849,2205,9,0,0,867
204651,2020,9,24,6,WN,13232,"Chicago, IL",14635,"Fort Myers, FL",840,1230,0,0,0,1105
325713,2020,9,8,4,DL,11697,"Fort Lauderdale, FL",10397,"Atlanta, GA",1905,2105,0,0,0,581
173877,2020,9,14,3,WN,13796,"Oakland, CA",13891,"Ontario, CA",1045,1200,0,0,0,362
87502,2020,9,11,7,HA,12173,"Honolulu, HI",13830,"Kahului, HI",1119,1158,0,0,0,100
215477,2020,10,27,2,WN,12889,"Las Vegas, NV",10821,"Baltimore, MD",1240,2005,0,0,0,2106
349028,2020,10,19,1,DL,12448,"Jackson/Vicksburg, MS",10397,"Atlanta, GA",1151,1416,0,0,0,341
136684,2020,10,2,5,WN,14122,"Pittsburgh, PA",14107,"Phoenix, AZ",1235,1525,0,0,0,1814
272168,2020,10,3,6,AA,10693,"Nashville, TN",11298,"Dallas/Fort Worth, TX",725,940,0,0,0,631
429806,2020,10,11,7,UA,14771,"San Francisco, CA",14679,"San Diego, CA",1745,1917,25,1,0,447
261312,2020,10,22,4,AA,12889,"Las Vegas, NV",11298,"Dallas/Fort Worth, TX",1213,1650,17,1,0,1055
185386,2020,11,18,7,WN,12191,"Houston, TX",13495,"New Orleans, LA",1050,1155,0,0,0,302
250859,2020,11,27,2,AA,13204,"Orlando, FL",13930,"Chicago, IL",1925,2119,6,0,0,1005
28759,2020,11,9,5,EV,12266,"Houston, TX",10781,"Baton Rouge, LA",1015,1116,0,0,0,253
303183,2020,11,15,4,B6,13204,"Orlando, FL",12478,"New York, NY",600,825,0,0,0,944
111672,2020,11,30,5,MQ,15295,"Toledo, OH",13930,"Chicago, IL",655,720,0,0,0,213
435872,2020,11,8,4,UA,12266,"Houston, TX",14683,"San Antonio, TX",901,1009,0,0,0,191
201614,2020,11,23,5,WN,10821,"Baltimore, MD",10721,"Boston, MA",1545,1705,14,0,0,369
285357,2020,12,22,4,AS,14679,"San Diego, CA",13204,"Orlando, FL",1015,1750,0,0,0,2149
305742,2020,12,13,2,B6,14843,"San Juan, PR",12478,"New York, NY",1140,1440,0,0,0,1598
327941,2020,12,9,5,DL,13303,"Miami, FL",10397,"Atlanta, GA",745,947,5,0,0,594
422492,2020,12,22,4,UA,12266,"Houston, TX",11618,"Newark, NJ",1739,2206,0,0,0,1400
194399,2020,12,20,2,WN,13796,"Oakland, CA",11884,"Spokane, WA",900,1100,0,0,0,723
241423,2020,12,2,5,AA,14492,"Raleigh/Durham, NC",13930,"Chicago, IL",1825,1940,0,0,0,646
404391,2020,12,4,7,OO,14262,"Palm Springs, CA",12892,"Los Angeles, CA",922,1018,,,1,110
56297,2020,12,5,1,EV,12266,"Houston, TX",11433,"Detroit, MI",1509,1849,11,0,0,1075
244286,2020,12,2,5,AA,11298,"Dallas/Fort Worth, TX",14771,"San Francisco, CA",1315,1500,7,0,0,1464
305835,2020,12,18,7,B6,12954,"Long Beach, CA",10423,"Austin, TX",1117,1602,13,0,0,1226
233729,2020,12,31,6,WN,13232,"Chicago, IL",13931,"Norfolk, VA",1520,1810,0,0,0,704
259303,2020,1,18,7,AA,14524,"Richmond, VA",11298,"Dallas/Fort Worth, TX",650,930,0,0,0,1158
78618,2020,1,29,4,F9,14107,"Phoenix, AZ",14869,"Salt Lake City, UT",1355,1530,36,1,0,507
456751,2020,1,10,6,US,14100,"Philadelphia, PA",15304,"Tampa, FL",745,1040,0,0,0,920
82137,2020,1,22,4,HA,13830,"Kahului, HI",12982,"Lihue, HI",1745,1830,0,0,0,201
48569,2020,2,9,5,EV,10397,"Atlanta, GA",11612,"Evansville, IN",1036,1055,171,1,0,350
372413,2020,2,29,4,OO,13476,"Monterey, CA",14107,"Phoenix, AZ",615,900,0,0,0,598
387799,2020,2,6,2,OO,14831,"San Jose, CA",14747,"Seattle, WA",630,838,123,1,0,697
141486,2020,2,5,1,WN,12892,"Los Angeles, CA",13796,"Oakland, CA",2205,2320,0,0,0,337
176003,2020,2,30,5,US,13204,"Orlando, FL",14107,"Phoenix, AZ",1710,2002,99,1,0,1849
248311,2020,3,19,1,AA,13930,"Chicago, IL",12892,"Los Angeles, CA",2025,2257,4,0,0,1744
19258,2020,3,23,5,DL,14869,"Salt Lake City, UT",14771,"San Francisco, CA",840,953,0,0,0,599
356591,2020,3,22,4,NK,13204,"Orlando, FL",10158,"Atlantic City, NJ",2147,2350,0,0,0,852
313040,2020,3,3,6,DL,13930,"Chicago, IL",10397,"Atlanta, GA",600,907,19,1,0,606
138825,2020,3,4,7,WN,10821,"Baltimore, MD",12451,"Jacksonville, FL",1625,1830,137,1,0,663
4647,2020,3,24,6,DL,14869,"Salt Lake City, UT",12478,"New York, NY",1120,1746,1,0,0,1990
386080,2020,3,16,5,OO,11638,"Fresno, CA",14869,"Salt Lake City, UT",624,909,0,0,0,501
5271,2020,4,24,6,DL,12339,"Indianapolis, IN",10397,"Atlanta, GA",705,900,0,0,0,432
401816,2020,4,5,1,OO,11638,"Fresno, CA",11292,"Denver, CO",827,1155,16,1,0,844
219786,2020,4,29,4,WN,13232,"Chicago, IL",14122,"Pittsburgh, PA",605,830,0,0,0,402
41251,2020,4,30,5,EV,10781,"Baton Rouge, LA",12266,"Houston, TX",1706,1820,0,0,0,253
410299,2020,4,28,3,UA,14492,"Raleigh/Durham, NC",13930,"Chicago, IL",1700,1824,1,0,0,646
231112,2020,4,13,2,WN,11292,"Denver, CO",14747,"Seattle, WA",2105,2305,0,0,0,1024
85756,2020,4,25,7,F9,12953,"New York, NY",13303,"Miami, FL",1720,2040,9,0,0,1096
297150,2020,4,7,3,B6,11697,"Fort Lauderdale, FL",12197,"White Plains, NY",1930,2219,3,0,0,1097
276476,2020,5,5,1,AA,13303,"Miami, FL",12266,"Houston, TX",2120,2310,52,1,0,964
396543,2020,5,30,5,OO,12892,"Los Angeles, CA",13476,"Monterey, CA",2000,2109,0,0,0,266
147297,2020,5,6,2,WN,10397,"Atlanta, GA",11697,"Fort Lauderdale, FL",1135,1335,84,1,0,581
10383,2020,5,25,7,DL,11433,"Detroit, MI",14771,"San Francisco, CA",1950,2218,0,0,0,2079
24490,2020,6,3,6,EV,12266,"Houston, TX",15370,"Tulsa, OK",1738,1911,65,1,0,429
460861,2020,6,14,3,US,11057,"Charlotte, NC",14492,"Raleigh/Durham, NC",740,835,24,1,0,130
295302,2020,6,18,7,B6,10721,"Boston, MA",14107,"Phoenix, AZ",1732,2135,0,0,0,2300
78058,2020,6,27,2,F9,10397,"Atlanta, GA",13930,"Chicago, IL",1000,1100,40,1,0,606
318707,2020,6,4,7,DL,15624,"Valparaiso, FL",10397,"Atlanta, GA",638,855,1,0,0,250
338233,2020,7,13,2,DL,11433,"Detroit, MI",14492,"Raleigh/Durham, NC",1956,2145,4,0,0,501
133165,2020,7,2,5,WN,14027,"West Palm Beach/Palm Beach, FL",14100,"Philadelphia, PA",1255,1530,9,0,0,951
363935,2020,7,20,2,NK,13204,"Orlando, FL",11298,"Dallas/Fort Worth, TX",1935,2129,13,0,0,985
7072,2020,7,18,7,DL,12478,"New York, NY",11697,"Fort Lauderdale, FL",915,1240,0,0,0,1069
352233,2020,7,22,4,DL,10529,"Hartford, CT",11433,"Detroit, MI",1620,1833,0,0,0,549
380320,2020,7,3,6,OO,13487,"Minneapolis, MN",11003,"Cedar Rapids/Iowa City, IA",1500,1609,40,1,0,220
375862,2020,8,17,6,OO,10140,"Albuquerque, NM",14869,"Salt Lake City, UT",1246,1428,0,0,0,493
439605,2020,8,7,3,UA,12889,"Las Vegas, NV",12892,"Los Angeles, CA",618,733,0,0,0,236
191108,2020,8,20,2,WN,10397,"Atlanta, GA",11433,"Detroit, MI",2050,2255,0,0,0,594
21852,2020,8,30,5,DL,10721,"Boston, MA",11433,"Detroit, MI",1030,1252,17,1,0,632
66223,2020,8,29,4,EV,14122,"Pittsburgh, PA",12264,"Washington, DC",1011,1118,0,0,0,182
451129,2020,8,7,3,US,13204,"Orlando, FL",11057,"Charlotte, NC",1025,1209,0,0,0,468
49487,2020,8,26,1,EV,10397,"Atlanta, GA",12197,"White Plains, NY",2035,2243,,,1,780
374993,2020,8,19,1,OO,10739,"Brainerd, MN",13487,"Minneapolis, MN",530,619,0,0,0,114
326428,2020,8,9,5,DL,11042,"Cleveland, OH",10397,"Atlanta, GA",1845,2044,0,0,0,554
209035,2020,9,24,6,WN,10821,"Baltimore, MD",13204,"Orlando, FL",1635,1905,0,0,0,787
384560,2020,9,21,3,OO,15016,"St. Louis, MO",11193,"Cincinnati, OH",1310,1519,0,0,0,308
462406,2020,9,17,6,US,11057,"Charlotte, NC",14843,"San Juan, PR",1815,2241,15,1,0,1475
451779,2020,9,5,1,US,14027,"West Palm Beach/Palm Beach, FL",11057,"Charlotte, NC",1910,2101,0,0,0,590
57817,2020,9,14,3,DL,13204,"Orlando, FL",10397,"Atlanta, GA",1530,1708,0,0,0,404
2160,2020,9,21,3,DL,10397,"Atlanta, GA",13303,"Miami, FL",1230,1429,0,0,0,594
341396,2020,10,1,4,DL,14100,"Philadelphia, PA",10397,"Atlanta, GA",1130,1347,0,0,0,666
310963,2020,10,13,2,AA,11298,"Dallas/Fort Worth, TX",13495,"New Orleans, LA",1245,1406,0,0,0,447
40948,2020,10,19,1,EV,12206,"Harlingen/San Benito, TX",12266,"Houston, TX",521,633,0,0,0,295
128707,2020,10,23,5,VX,12892,"Los Angeles, CA",14747,"Seattle, WA",1735,2015,19,1,0,954
77729,2020,10,11,7,F9,11278,"Washington, DC",11292,"Denver, CO",1332,1534,0,0,0,1476
234284,2020,10,31,6,WN,14100,"Philadelphia, PA",13204,"Orlando, FL",1335,1615,0,0,0,861
134140,2020,11,2,5,WN,11292,"Denver, CO",14893,"Sacramento, CA",835,1010,0,0,0,909
124858,2020,11,2,5,VX,12264,"Washington, DC",12892,"Los Angeles, CA",1700,1945,6,0,0,2288
227436,2020,11,18,7,WN,14683,"San Antonio, TX",15304,"Tampa, FL",1345,1700,0,0,0,972
453504,2020,11,6,2,US,11066,"Columbus, OH",14107,"Phoenix, AZ",721,1004,28,1,0,1670
22732,2020,11,18,7,EV,14814,"Shreveport, LA",11298,"Dallas/Fort Worth, TX",1825,1925,0,0,0,190
2296,2020,11,21,3,DL,14869,"Salt Lake City, UT",13930,"Chicago, IL",842,1302,0,0,0,1250
317522,2020,11,3,6,DL,11193,"Cincinnati, OH",12889,"Las Vegas, NV",2010,2135,0,0,0,1678
195483,2020,12,21,3,WN,14831,"San Jose, CA",10800,"Burbank, CA",1155,1255,0,0,0,296
329867,2020,12,11,7,DL,14730,"Louisville, KY",10397,"Atlanta, GA",1657,1830,6,0,0,321
300891,2020,12,13,2,B6,13204,"Orlando, FL",15070,"Newburgh/Poughkeepsie, NY",1525,1806,0,0,0,989
8254,2020,12,24,6,DL,10397,"Atlanta, GA",11481,"Panama City, FL",1350,1357,2,0,0,240
14121,2020,12,27,2,DL,11697,"Fort Lauderdale, FL",11193,"Cincinnati, OH",1253,1530,151,1,0,932
439262,2020,12,8,4,UA,11292,"Denver, CO",11278,"Washington, DC",956,1510,35,1,0,1476
254792,2020,12,21,3,AA,13871,"Omaha, NE",11298,"Dallas/Fort Worth, TX",1103,1255,0,0,0,583
349033,2020,12,19,1,DL,14107,"Phoenix, AZ",13487,"Minneapolis, MN",1630,2039,0,0,0,1276
24570,2020,12,25,7,EV,11042,"Cleveland, OH",12953,"New York, NY",840,1022,0,0,0,419
95600,2021,12,8,4,MQ,13930,"Chicago, IL",11612,"Evansville, IN",1310,1414,194,1,0,273
427652,2021,12,15,4,UA,14771,"San Francisco, CA",11618,"Newark, NJ",1004,1829,8,0,0,2565
304614,2021,1,20,2,B6,10721,"Boston, MA",14524,"Richmond, VA",1631,1822,0,0,0,474
265558,2021,2,28,3,AA,14679,"San Diego, CA",11298,"Dallas/Fort Worth, TX",1538,2030,0,0,0,1171
92936,2021,3,28,3,MQ,13303,"Miami, FL",13244,"Memphis, TN",1840,2024,0,0,0,859
156638,2021,4,8,4,WN,14679,"San Diego, CA",12889,"Las Vegas, NV",2045,2155,0,0,0,258
386744,2021,5,16,5,OO,12892,"Los Angeles, CA",13796,"Oakland, CA",1329,1450,12,0,0,337
196985,2021,6,22,4,WN,11292,"Denver, CO",13198,"Kansas City, MO",600,840,4,0,0,533
34980,2021,7,14,3,EV,11618,"Newark, NJ",15412,"Knoxville, TN",1910,2128,0,0,0,631
64605,2021,8,1,4,EV,15919,"Fayetteville, AR",10397,"Atlanta, GA",1537,1819,16,1,0,589
388419,2021,9,12,1,OO,14771,"San Francisco, CA",14869,"Salt Lake City, UT",1131,1424,3,0,0,599