YEAR,MONTH,DAY_OF_MONTH,DAY_OF_WEEK,UNIQUE_CARRIER,ORIGIN_AIRPORT_ID,ORIGIN_CITY_NAME,DEST_AIRPORT_ID,DEST_CITY_NAME,CRS_DEP_TIME,CRS_ARR_TIME,ARR_DELAY_NEW,ARR_DEL15,CANCELLED,DISTANCE
2015,1,22,4,DL,12953,"New York, NY",13204,"Orlando, FL",2050,2354,14,0,0,950
2015,1,22,4,DL,10397,"Atlanta, GA",12953,"New York, NY",1245,1459,0,0,0,762
2015,1,22,4,DL,14679,"San Diego, CA",11433,"Detroit, MI",1150,1914,0,0,0,1956
2015,1,22,4,DL,10397,"Atlanta, GA",10208,"Augusta, GA",1909,2001,0,0,0,143
2015,1,22,4,DL,10397,"Atlanta, GA",12266,"Houston, TX",1342,1501,0,0,0,689
2015,1,22,4,DL,12266,"Houston, TX",10397,"Atlanta, GA",1541,1843,0,0,0,689
2015,1,22,4,DL,11433,"Detroit, MI",12889,"Las Vegas, NV",1535,1716,0,0,0,1749
2015,1,22,4,DL,10397,"Atlanta, GA",15304,"Tampa, FL",1830,1955,0,0,0,406
2015,1,22,4,DL,14107,"Phoenix, AZ",13487,"Minneapolis, MN",800,1209,0,0,0,1276
2015,1,22,4,DL,11433,"Detroit, MI",13930,"Chicago, IL",1520,1555,3,0,0,235
2015,1,22,4,DL,13930,"Chicago, IL",11433,"Detroit, MI",1635,1905,0,0,0,235
2015,1,22,4,DL,10397,"Atlanta, GA",14100,"Philadelphia, PA",850,1049,0,0,0,666
2015,1,22,4,DL,14100,"Philadelphia, PA",10397,"Atlanta, GA",1130,1351,0,0,0,666
2015,1,22,4,DL,10397,"Atlanta, GA",10821,"Baltimore, MD",1110,1300,0,0,0,577
2015,1,22,4,DL,10821,"Baltimore, MD",10397,"Atlanta, GA",1345,1551,0,0,0,577
2015,1,22,4,DL,13487,"Minneapolis, MN",12953,"New York, NY",1010,1348,0,0,0,1020
2015,1,22,4,DL,14100,"Philadelphia, PA",13487,"Minneapolis, MN",815,1026,0,0,0,980
2015,1,22,4,DL,11697,"Fort Lauderdale, FL",12953,"New York, NY",700,951,0,0,0,1076
2015,1,22,4,DL,11433,"Detroit, MI",14635,"Fort Myers, FL",1745,2045,0,0,0,1084
2015,1,22,4,DL,10397,"Atlanta, GA",10721,"Boston, MA",1359,1630,0,0,0,946
2015,1,22,4,DL,10721,"Boston, MA",10397,"Atlanta, GA",710,1026,0,0,0,946
2015,1,22,4,DL,11193,"Cincinnati, OH",15304,"Tampa, FL",933,1151,0,0,0,773
2015,1,22,4,DL,15304,"Tampa, FL",11193,"Cincinnati, OH",1300,1506,0,0,0,773
2015,1,22,4,DL,11193,"Cincinnati, OH",13204,"Orlando, FL",1355,1609,0,0,0,757
2015,1,22,4,DL,10397,"Atlanta, GA",15249,"Tallahassee, FL",2205,2312,0,0,0,223
2015,1,22,4,DL,13487,"Minneapolis, MN",14771,"San Francisco, CA",1745,2009,0,0,0,1589
2015,1,22,4,DL,12892,"Los Angeles, CA",11433,"Detroit, MI",710,1442,0,0,0,1979
2015,1,22,4,DL,10397,"Atlanta, GA",14869,"Salt Lake City, UT",1205,1422,0,0,0,1590
2015,1,22,4,DL,11697,"Fort Lauderdale, FL",12478,"New York, NY",1320,1615,0,0,0,1069
2015,1,22,4,DL,13204,"Orlando, FL",13487,"Minneapolis, MN",1619,1855,0,0,0,1310
2015,1,22,4,DL,13487,"Minneapolis, MN",13204,"Orlando, FL",1112,1527,0,0,0,1310
2015,1,22,4,DL,13487,"Minneapolis, MN",13204,"Orlando, FL",1918,2328,0,0,0,1310
2015,1,22,4,DL,11292,"Denver, CO",11433,"Detroit, MI",1143,1626,0,0,0,1123
2015,1,22,4,DL,11433,"Detroit, MI",11292,"Denver, CO",840,1008,0,0,0,1123
2015,1,22,4,DL,13204,"Orlando, FL",13487,"Minneapolis, MN",935,1209,0,0,0,1310
2015,1,22,4,DL,10397,"Atlanta, GA",11433,"Detroit, MI",1856,2057,40,1,0,594
2015,1,22,4,DL,11697,"Fort Lauderdale, FL",12953,"New York, NY",1915,2207,0,0,0,1076
2015,1,22,4,DL,10397,"Atlanta, GA",10257,"Albany, NY",1922,2137,0,0,0,853
2015,1,22,4,DL,11292,"Denver, CO",10397,"Atlanta, GA",610,1115,0,0,0,1199
2015,1,22,4,DL,10397,"Atlanta, GA",11996,"Greer, SC",2250,2343,0,0,0,153
2015,1,22,4,DL,13204,"Orlando, FL",10397,"Atlanta, GA",620,753,0,0,0,404
2015,1,22,4,DL,11433,"Detroit, MI",14027,"West Palm Beach/Palm Beach, FL",850,1207,0,0,0,1086
2015,1,22,4,DL,14027,"West Palm Beach/Palm Beach, FL",11433,"Detroit, MI",1330,1631,0,0,0,1086
2015,1,22,4,DL,11193,"Cincinnati, OH",10397,"Atlanta, GA",600,749,0,0,0,373
2015,1,22,4,DL,10397,"Atlanta, GA",11267,"Dayton, OH",1211,1345,0,0,0,432
2015,1,22,4,DL,11267,"Dayton, OH",10397,"Atlanta, GA",1425,1617,0,0,0,432
2015,1,22,4,DL,10397,"Atlanta, GA",14730,"Louisville, KY",810,929,3,0,0,321
2015,1,22,4,DL,14730,"Louisville, KY",10397,"Atlanta, GA",1005,1135,0,0,0,321
2015,1,22,4,DL,10721,"Boston, MA",11433,"Detroit, MI",1638,1904,0,0,0,632
2015,1,22,4,DL,14869,"Salt Lake City, UT",10397,"Atlanta, GA",830,1416,0,0,0,1590
2015,1,22,4,DL,10397,"Atlanta, GA",10821,"Baltimore, MD",1630,1819,0,0,0,577
2015,1,22,4,DL,10821,"Baltimore, MD",10397,"Atlanta, GA",1900,2106,0,0,0,577
2015,1,22,4,DL,13204,"Orlando, FL",12953,"New York, NY",810,1044,0,0,0,950
2015,1,22,4,DL,10397,"Atlanta, GA",11697,"Fort Lauderdale, FL",1623,1814,0,0,0,581
2015,1,22,4,DL,11697,"Fort Lauderdale, FL",10397,"Atlanta, GA",1905,2105,0,0,0,581
2015,1,22,4,DL,10397,"Atlanta, GA",13487,"Minneapolis, MN",1635,1822,0,0,0,907
2015,1,22,4,DL,11996,"Greer, SC",10397,"Atlanta, GA",830,936,0,0,0,153
2015,1,22,4,DL,12889,"Las Vegas, NV",13487,"Minneapolis, MN",919,1427,9,0,0,1299
2015,1,22,4,DL,13487,"Minneapolis, MN",11697,"Fort Lauderdale, FL",735,1218,0,0,0,1487
2015,1,22,4,DL,10397,"Atlanta, GA",11423,"Des Moines, IA",1500,1613,0,0,0,743
2015,1,22,4,DL,11423,"Des Moines, IA",10397,"Atlanta, GA",1652,1954,0,0,0,743
2015,1,22,4,DL,11697,"Fort Lauderdale, FL",13487,"Minneapolis, MN",1315,1614,0,0,0,1487
2015,1,22,4,DL,10397,"Atlanta, GA",12339,"Indianapolis, IN",1340,1513,0,0,0,432
2015,1,22,4,DL,10397,"Atlanta, GA",12339,"Indianapolis, IN",1914,2050,0,0,0,432
2015,1,22,4,DL,10821,"Baltimore, MD",11433,"Detroit, MI",1254,1435,2,0,0,409
2015,1,22,4,DL,11433,"Detroit, MI",10821,"Baltimore, MD",1025,1209,7,0,0,409
2015,1,22,4,DL,10397,"Atlanta, GA",12992,"Little Rock, AR",1605,1643,0,0,0,453
2015,1,22,4,DL,12992,"Little Rock, AR",10397,"Atlanta, GA",1725,2000,1,0,0,453
2015,1,22,4,DL,12889,"Las Vegas, NV",13487,"Minneapolis, MN",1612,2119,6,0,0,1299
2015,1,22,4,DL,10397,"Atlanta, GA",11292,"Denver, CO",2032,2200,0,0,0,1199
2015,1,22,4,DL,13851,"Oklahoma City, OK",10397,"Atlanta, GA",600,912,0,0,0,761
2015,1,22,4,DL,15304,"Tampa, FL",13487,"Minneapolis, MN",1420,1650,0,0,0,1306
2015,1,22,4,DL,14747,"Seattle, WA",12478,"New York, NY",2240,644,0,0,0,2422
2015,1,22,4,DL,10257,"Albany, NY",10397,"Atlanta, GA",1245,1534,0,0,0,853
2015,1,22,4,DL,10397,"Atlanta, GA",10257,"Albany, NY",950,1200,0,0,0,853
2015,1,22,4,DL,15304,"Tampa, FL",13487,"Minneapolis, MN",800,1029,0,0,0,1306
2015,1,22,4,DL,13487,"Minneapolis, MN",15304,"Tampa, FL",1751,2207,0,0,0,1306
2015,1,22,4,DL,10397,"Atlanta, GA",14107,"Phoenix, AZ",810,1032,0,0,0,1587
2015,1,22,4,DL,14107,"Phoenix, AZ",10397,"Atlanta, GA",1126,1700,0,0,0,1587
2015,1,22,4,DL,12953,"New York, NY",10397,"Atlanta, GA",659,946,0,0,0,762
2015,1,22,4,DL,11433,"Detroit, MI",12953,"New York, NY",1726,1912,0,0,0,502
2015,1,22,4,DL,13487,"Minneapolis, MN",15304,"Tampa, FL",700,1119,0,0,0,1306
2015,1,22,4,DL,12889,"Las Vegas, NV",13487,"Minneapolis, MN",705,1217,8,0,0,1299
2015,1,22,4,DL,13487,"Minneapolis, MN",12889,"Las Vegas, NV",1935,2108,0,0,0,1299
2015,1,22,4,DL,12889,"Las Vegas, NV",12892,"Los Angeles, CA",627,735,0,0,0,236
2015,1,22,4,DL,12889,"Las Vegas, NV",10397,"Atlanta, GA",715,1402,0,0,0,1747
2015,1,22,4,DL,12892,"Los Angeles, CA",10397,"Atlanta, GA",1445,2155,0,0,0,1947
2015,1,22,4,DL,10397,"Atlanta, GA",12892,"Los Angeles, CA",1117,1325,5,0,0,1947
2015,1,22,4,DL,11193,"Cincinnati, OH",10397,"Atlanta, GA",930,1117,0,0,0,373
2015,1,22,4,DL,14869,"Salt Lake City, UT",14747,"Seattle, WA",2200,2316,0,0,0,689
2015,1,22,4,DL,12892,"Los Angeles, CA",15304,"Tampa, FL",1200,1924,0,0,0,2158
2015,1,22,4,DL,15304,"Tampa, FL",12892,"Los Angeles, CA",804,1030,0,0,0,2158
2015,1,22,4,DL,12892,"Los Angeles, CA",12173,"Honolulu, HI",1445,1837,0,0,0,2556
2015,1,22,4,DL,13487,"Minneapolis, MN",12892,"Los Angeles, CA",1128,1330,0,0,0,1535
2015,1,22,4,DL,10397,"Atlanta, GA",14100,"Philadelphia, PA",1110,1310,0,0,0,666
2015,1,22,4,DL,14100,"Philadelphia, PA",10397,"Atlanta, GA",1400,1621,0,0,0,666
2015,1,22,4,DL,11433,"Detroit, MI",14100,"Philadelphia, PA",1402,1546,0,0,0,453
2015,1,22,4,DL,14100,"Philadelphia, PA",11433,"Detroit, MI",1711,1905,8,0,0,453
2015,1,22,4,DL,14635,"Fort Myers, FL",11433,"Detroit, MI",1800,2058,0,0,0,1084
2015,1,22,4,DL,10397,"Atlanta, GA",14492,"Raleigh/Durham, NC",1301,1421,0,0,0,356
2015,1,22,4,DL,14492,"Raleigh/Durham, NC",10397,"Atlanta, GA",1505,1640,0,0,0,356
2015,1,22,4,DL,11433,"Detroit, MI",10693,"Nashville, TN",2140,2229,0,0,0,456
2015,1,22,4,DL,12892,"Los Angeles, CA",14492,"Raleigh/Durham, NC",1150,1937,0,0,0,2239
2015,1,22,4,DL,10397,"Atlanta, GA",14679,"San Diego, CA",2050,2246,4,0,0,1892
2015,1,22,4,DL,15096,"Syracuse, NY",10397,"Atlanta, GA",545,835,0,0,0,794
2015,1,22,4,DL,14635,"Fort Myers, FL",11433,"Detroit, MI",1307,1605,0,0,0,1084
2015,1,22,4,DL,10397,"Atlanta, GA",15016,"St. Louis, MO",956,1047,0,0,0,484
2015,1,22,4,DL,15016,"St. Louis, MO",10397,"Atlanta, GA",1127,1401,0,0,0,484
2015,1,22,4,DL,10397,"Atlanta, GA",10874,"Akron, OH",2050,2233,0,0,0,528
2015,1,22,4,DL,10397,"Atlanta, GA",15304,"Tampa, FL",831,954,0,0,0,406
2015,1,22,4,DL,15304,"Tampa, FL",10397,"Atlanta, GA",1045,1221,0,0,0,406
2015,1,22,4,DL,13204,"Orlando, FL",13487,"Minneapolis, MN",745,1019,0,0,0,1310
2015,1,22,4,DL,12339,"Indianapolis, IN",10397,"Atlanta, GA",705,903,0,0,0,432
2015,1,22,4,DL,11697,"Fort Lauderdale, FL",11433,"Detroit, MI",1558,1905,6,0,0,1127
2015,1,22,4,DL,12892,"Los Angeles, CA",13495,"New Orleans, LA",820,1406,57,1,0,1670
2015,1,22,4,DL,13495,"New Orleans, LA",12892,"Los Angeles, CA",1950,2215,0,0,0,1670
2015,1,22,4,DL,14635,"Fort Myers, FL",11433,"Detroit, MI",1135,1431,0,0,0,1084
2015,1,22,4,DL,11433,"Detroit, MI",13303,"Miami, FL",1215,1528,0,0,0,1145
2015,1,22,4,DL,10397,"Atlanta, GA",12889,"Las Vegas, NV",1910,2049,0,0,0,1747
2015,1,22,4,DL,12892,"Los Angeles, CA",11193,"Cincinnati, OH",1215,1924,27,1,0,1900
2015,1,22,4,DL,10397,"Atlanta, GA",13871,"Omaha, NE",1530,1703,0,0,0,821
2015,1,22,4,DL,13871,"Omaha, NE",10397,"Atlanta, GA",1744,2057,6,0,0,821
2015,1,22,4,DL,10721,"Boston, MA",11433,"Detroit, MI",850,1118,0,0,0,632
2015,1,22,4,DL,10397,"Atlanta, GA",14576,"Rochester, NY",1454,1702,0,0,0,749
2015,1,22,4,DL,14576,"Rochester, NY",10397,"Atlanta, GA",1745,2013,0,0,0,749
2015,1,22,4,DL,12953,"New York, NY",13204,"Orlando, FL",1829,2142,9,0,0,950
2015,1,22,4,DL,10397,"Atlanta, GA",12953,"New York, NY",1345,1600,0,0,0,762
2015,1,22,4,DL,10397,"Atlanta, GA",13198,"Kansas City, MO",2000,2117,0,0,0,692
2015,1,22,4,DL,13577,"Myrtle Beach, SC",10397,"Atlanta, GA",650,819,0,0,0,317
2015,1,22,4,DL,11697,"Fort Lauderdale, FL",10397,"Atlanta, GA",1145,1350,0,0,0,581
2015,1,22,4,DL,11057,"Charlotte, NC",10397,"Atlanta, GA",745,910,7,0,0,226
2015,1,22,4,DL,14679,"San Diego, CA",10397,"Atlanta, GA",645,1350,1,0,0,1892
2015,1,22,4,DL,13342,"Milwaukee, WI",13487,"Minneapolis, MN",1700,1828,0,0,0,297
2015,1,22,4,DL,13487,"Minneapolis, MN",13342,"Milwaukee, WI",1509,1625,0,0,0,297
2015,1,22,4,DL,10397,"Atlanta, GA",15370,"Tulsa, OK",2034,2149,4,0,0,674
2015,1,22,4,DL,14843,"San Juan, PR",10397,"Atlanta, GA",1640,1944,0,0,0,1547
2015,1,22,4,DL,13487,"Minneapolis, MN",12953,"New York, NY",1920,2257,9,0,0,1020
2015,1,22,4,DL,14100,"Philadelphia, PA",13487,"Minneapolis, MN",1634,1839,22,1,0,980
2015,1,22,4,DL,12451,"Jacksonville, FL",10397,"Atlanta, GA",530,640,0,0,0,270
2015,1,22,4,DL,10397,"Atlanta, GA",14122,"Pittsburgh, PA",1100,1245,0,0,0,526
2015,1,22,4,DL,13487,"Minneapolis, MN",12339,"Indianapolis, IN",1938,2220,0,0,0,503
2015,1,22,4,DL,10721,"Boston, MA",10397,"Atlanta, GA",820,1127,0,0,0,946
2015,1,22,4,DL,12889,"Las Vegas, NV",10397,"Atlanta, GA",600,1248,0,0,0,1747
2015,1,22,4,DL,13495,"New Orleans, LA",13487,"Minneapolis, MN",1530,1815,33,1,0,1039
2015,1,22,4,DL,11433,"Detroit, MI",11697,"Fort Lauderdale, FL",720,1040,0,0,0,1127
2015,1,22,4,DL,11697,"Fort Lauderdale, FL",11433,"Detroit, MI",1130,1441,0,0,0,1127
2015,1,22,4,DL,10397,"Atlanta, GA",12217,"Huntsville, AL",1342,1336,0,0,0,151
2015,1,22,4,DL,12217,"Huntsville, AL",10397,"Atlanta, GA",1412,1614,0,0,0,151
2015,1,22,4,DL,12191,"Houston, TX",10397,"Atlanta, GA",1809,2105,5,0,0,696
2015,1,22,4,DL,10397,"Atlanta, GA",10994,"Charleston, SC",1931,2040,0,0,0,259
2015,1,22,4,DL,10713,"Boise, ID",13487,"Minneapolis, MN",520,915,0,0,0,1142
2015,1,22,4,DL,13487,"Minneapolis, MN",11292,"Denver, CO",1425,1535,0,0,0,680
2015,1,22,4,DL,11292,"Denver, CO",11433,"Detroit, MI",610,1116,0,0,0,1123
2015,1,22,4,DL,11433,"Detroit, MI",11292,"Denver, CO",1545,1713,0,0,0,1123
2015,1,22,4,DL,10397,"Atlanta, GA",13930,"Chicago, IL",1345,1450,0,0,0,606
2015,1,22,4,DL,10397,"Atlanta, GA",12339,"Indianapolis, IN",1205,1336,0,0,0,432
2015,1,22,4,DL,12339,"Indianapolis, IN",10397,"Atlanta, GA",1417,1558,0,0,0,432
2015,1,22,4,DL,12992,"Little Rock, AR",10397,"Atlanta, GA",710,950,0,0,0,453
2015,1,22,4,DL,13487,"Minneapolis, MN",14893,"Sacramento, CA",1945,2143,0,0,0,1517
2015,1,22,4,DL,11292,"Denver, CO",10397,"Atlanta, GA",800,1305,1,0,0,1199
2015,1,22,4,DL,10397,"Atlanta, GA",12191,"Houston, TX",1315,1438,0,0,0,696
2015,1,22,4,DL,12191,"Houston, TX",10397,"Atlanta, GA",1517,1814,0,0,0,696
2015,1,22,4,DL,13204,"Orlando, FL",10397,"Atlanta, GA",720,906,0,0,0,404
2015,1,22,4,DL,12953,"New York, NY",13487,"Minneapolis, MN",1630,1901,0,0,0,1020
2015,1,22,4,DL,13871,"Omaha, NE",13487,"Minneapolis, MN",645,805,0,0,0,282
2015,1,22,4,DL,11433,"Detroit, MI",15304,"Tampa, FL",1450,1740,0,0,0,983
2015,1,22,4,DL,11433,"Detroit, MI",10721,"Boston, MA",1725,1922,0,0,0,632
2015,1,22,4,DL,10721,"Boston, MA",11433,"Detroit, MI",1832,2056,9,0,0,632
2015,1,22,4,DL,13487,"Minneapolis, MN",14100,"Philadelphia, PA",1925,2302,0,0,0,980
2015,1,22,4,DL,10821,"Baltimore, MD",10397,"Atlanta, GA",615,821,0,0,0,577
2015,1,22,4,DL,10397,"Atlanta, GA",11697,"Fort Lauderdale, FL",1510,1705,0,0,0,581
2015,1,22,4,DL,11697,"Fort Lauderdale, FL",10397,"Atlanta, GA",1810,2013,0,0,0,581
2015,1,22,4,DL,10397,"Atlanta, GA",11697,"Fort Lauderdale, FL",845,1040,0,0,0,581
2015,1,22,4,DL,13495,"New Orleans, LA",11433,"Detroit, MI",1116,1448,0,0,0,926
2015,1,22,4,DL,14570,"Reno, NV",14869,"Salt Lake City, UT",1207,1426,0,0,0,422
2015,1,22,4,DL,14869,"Salt Lake City, UT",14570,"Reno, NV",1100,1127,0,0,0,422
2015,1,22,4,DL,10397,"Atlanta, GA",14683,"San Antonio, TX",2104,2248,5,0,0,874
2015,1,22,4,DL,14869,"Salt Lake City, UT",12892,"Los Angeles, CA",1647,1745,14,0,0,590
2015,1,22,4,DL,13487,"Minneapolis, MN",13930,"Chicago, IL",657,834,0,0,0,334
2015,1,22,4,DL,13930,"Chicago, IL",13487,"Minneapolis, MN",914,1051,0,0,0,334
2015,1,22,4,DL,10397,"Atlanta, GA",12191,"Houston, TX",810,929,0,0,0,696
2015,1,22,4,DL,12191,"Houston, TX",10397,"Atlanta, GA",1008,1304,0,0,0,696
2015,1,22,4,DL,14747,"Seattle, WA",14869,"Salt Lake City, UT",600,859,0,0,0,689
2015,1,22,4,DL,11433,"Detroit, MI",14679,"San Diego, CA",2005,2215,0,0,0,1956
2015,1,22,4,DL,14869,"Salt Lake City, UT",10849,"Bozeman, MT",2145,2308,6,0,0,347
2015,1,22,4,DL,10821,"Baltimore, MD",11433,"Detroit, MI",1921,2059,0,0,0,409
2015,1,22,4,DL,11433,"Detroit, MI",10821,"Baltimore, MD",1707,1845,0,0,0,409
2015,1,22,4,DL,10397,"Atlanta, GA",11278,"Washington, DC",1920,2104,0,0,0,547
2015,1,22,4,DL,11278,"Washington, DC",10397,"Atlanta, GA",1300,1503,0,0,0,547
2015,1,22,4,DL,10397,"Atlanta, GA",11433,"Detroit, MI",1050,1256,0,0,0,594
2015,1,22,4,DL,10397,"Atlanta, GA",14683,"San Antonio, TX",825,1014,0,0,0,874
2015,1,22,4,DL,14683,"San Antonio, TX",10397,"Atlanta, GA",1058,1413,0,0,0,874
2015,1,22,4,DL,10397,"Atlanta, GA",10874,"Akron, OH",1516,1700,0,0,0,528
2015,1,22,4,DL,10874,"Akron, OH",10397,"Atlanta, GA",1740,1939,1,0,0,528
2015,1,22,4,DL,11433,"Detroit, MI",11618,"Newark, NJ",1356,1549,0,0,0,488
2015,1,22,4,DL,11618,"Newark, NJ",11433,"Detroit, MI",1630,1835,0,0,0,488
2015,1,22,4,DL,11637,"Fargo, ND",13487,"Minneapolis, MN",702,824,0,0,0,223
2015,1,22,4,DL,11433,"Detroit, MI",11292,"Denver, CO",1226,1400,0,0,0,1123
2015,1,22,4,DL,14107,"Phoenix, AZ",10397,"Atlanta, GA",45,607,0,0,0,1587
2015,1,22,4,DL,12953,"New York, NY",10397,"Atlanta, GA",759,1051,0,0,0,762
2015,1,22,4,DL,10397,"Atlanta, GA",13232,"Chicago, IL",1025,1129,0,0,0,591
2015,1,22,4,DL,13232,"Chicago, IL",10397,"Atlanta, GA",1205,1505,0,0,0,591
2015,1,22,4,DL,12889,"Las Vegas, NV",10397,"Atlanta, GA",1344,2034,0,0,0,1747
2015,1,22,4,DL,11433,"Detroit, MI",13487,"Minneapolis, MN",822,938,16,1,0,528
2015,1,22,4,DL,12889,"Las Vegas, NV",13487,"Minneapolis, MN",1335,1850,13,0,0,1299
2015,1,22,4,DL,13487,"Minneapolis, MN",12889,"Las Vegas, NV",1120,1253,0,0,0,1299
2015,1,22,4,DL,10397,"Atlanta, GA",11057,"Charlotte, NC",1240,1350,0,0,0,226
2015,1,22,4,DL,10397,"Atlanta, GA",12217,"Huntsville, AL",2206,2205,0,0,0,151
2015,1,22,4,DL,12892,"Los Angeles, CA",10397,"Atlanta, GA",1335,2046,0,0,0,1947
2015,1,22,4,DL,10397,"Atlanta, GA",12892,"Los Angeles, CA",1220,1428,0,0,0,1947
2015,1,22,4,DL,10397,"Atlanta, GA",12945,"Lexington, KY",2144,2257,0,0,0,304
2015,1,22,4,DL,14869,"Salt Lake City, UT",12889,"Las Vegas, NV",2015,2041,0,0,0,368
2015,1,22,4,DL,14869,"Salt Lake City, UT",10397,"Atlanta, GA",710,1250,0,0,0,1590
2015,1,22,4,DL,10397,"Atlanta, GA",11298,"Dallas/Fort Worth, TX",1445,1619,0,0,0,731
2015,1,22,4,DL,14869,"Salt Lake City, UT",13487,"Minneapolis, MN",2000,2326,0,0,0,991
2015,1,22,4,DL,10397,"Atlanta, GA",14100,"Philadelphia, PA",1506,1713,0,0,0,666
2015,1,22,4,DL,14100,"Philadelphia, PA",10397,"Atlanta, GA",1805,2044,0,0,0,666
2015,1,22,4,DL,14679,"San Diego, CA",10397,"Atlanta, GA",810,1512,0,0,0,1892
2015,1,22,4,DL,11278,"Washington, DC",13487,"Minneapolis, MN",1845,2043,0,0,0,931
2015,1,22,4,DL,13487,"Minneapolis, MN",11278,"Washington, DC",1500,1820,0,0,0,931
2015,1,22,4,DL,10397,"Atlanta, GA",14986,"Sarasota/Bradenton, FL",1513,1648,0,0,0,444
2015,1,22,4,DL,12451,"Jacksonville, FL",10397,"Atlanta, GA",630,743,0,0,0,270
2015,1,22,4,DL,10397,"Atlanta, GA",13577,"Myrtle Beach, SC",2102,2210,0,0,0,317
2015,1,22,4,DL,12892,"Los Angeles, CA",13487,"Minneapolis, MN",1510,2048,8,0,0,1535
2015,1,22,4,DL,10397,"Atlanta, GA",13204,"Orlando, FL",1855,2026,0,0,0,404
2015,1,22,4,DL,10397,"Atlanta, GA",10994,"Charleston, SC",815,925,0,0,0,259
2015,1,22,4,DL,10994,"Charleston, SC",10397,"Atlanta, GA",1004,1124,0,0,0,259
2015,1,22,4,DL,13303,"Miami, FL",12478,"New York, NY",1215,1514,0,0,0,1089
2015,1,22,4,DL,11298,"Dallas/Fort Worth, TX",10397,"Atlanta, GA",1200,1503,0,0,0,731
2015,1,22,4,DL,14524,"Richmond, VA",10397,"Atlanta, GA",705,905,45,1,0,481
2015,1,22,4,DL,14869,"Salt Lake City, UT",14057,"Portland, OR",2155,2301,0,0,0,630
2015,1,22,4,DL,10397,"Atlanta, GA",12266,"Houston, TX",1206,1326,0,0,0,689
2015,1,22,4,DL,12266,"Houston, TX",10397,"Atlanta, GA",1406,1702,0,0,0,689
2015,1,22,4,DL,10397,"Atlanta, GA",10693,"Nashville, TN",1340,1344,0,0,0,214
2015,1,22,4,DL,10693,"Nashville, TN",10397,"Atlanta, GA",1430,1638,0,0,0,214
2015,1,22,4,DL,13930,"Chicago, IL",10397,"Atlanta, GA",1530,1832,0,0,0,606
2015,1,22,4,DL,10397,"Atlanta, GA",10821,"Baltimore, MD",1725,1915,0,0,0,577
2015,1,22,4,DL,11433,"Detroit, MI",14122,"Pittsburgh, PA",1940,2053,23,1,0,201
2015,1,22,4,DL,10397,"Atlanta, GA",14771,"San Francisco, CA",1050,1320,0,0,0,2139
2015,1,22,4,DL,14107,"Phoenix, AZ",14869,"Salt Lake City, UT",1230,1410,0,0,0,507
2015,1,22,4,DL,14869,"Salt Lake City, UT",14107,"Phoenix, AZ",830,1015,0,0,0,507
2015,1,22,4,DL,10397,"Atlanta, GA",11298,"Dallas/Fort Worth, TX",725,856,0,0,0,731
2015,1,22,4,DL,14869,"Salt Lake City, UT",12889,"Las Vegas, NV",1135,1200,0,0,0,368
2015,1,22,4,DL,10397,"Atlanta, GA",14831,"San Jose, CA",1959,2221,0,0,0,2116
2015,1,22,4,DL,14831,"San Jose, CA",10397,"Atlanta, GA",2303,629,6,0,0,2116
2015,1,22,4,DL,12953,"New York, NY",13204,"Orlando, FL",1404,1717,0,0,0,950
2015,1,22,4,DL,12953,"New York, NY",10397,"Atlanta, GA",1930,2222,16,1,0,762
2015,1,22,4,DL,13487,"Minneapolis, MN",14679,"San Diego, CA",920,1129,0,0,0,1532
2015,1,22,4,DL,14679,"San Diego, CA",13487,"Minneapolis, MN",1230,1816,0,0,0,1532
2015,1,22,4,DL,13303,"Miami, FL",12478,"New York, NY",1940,2238,0,0,0,1089
2015,1,22,4,DL,10397,"Atlanta, GA",12217,"Huntsville, AL",1510,1512,0,0,0,151
2015,1,22,4,DL,12217,"Huntsville, AL",10397,"Atlanta, GA",1547,1750,0,0,0,151
2015,1,22,4,DL,10397,"Atlanta, GA",10529,"Hartford, CT",1402,1618,0,0,0,859
2015,1,22,4,DL,10529,"Hartford, CT",10397,"Atlanta, GA",1659,1953,0,0,0,859
2015,1,22,4,DL,13487,"Minneapolis, MN",14635,"Fort Myers, FL",1010,1441,0,0,0,1416
2015,1,22,4,DL,10397,"Atlanta, GA",14679,"San Diego, CA",815,1012,0,0,0,1892
2015,1,22,4,DL,14679,"San Diego, CA",10397,"Atlanta, GA",1110,1818,0,0,0,1892
2015,1,22,4,DL,10397,"Atlanta, GA",13930,"Chicago, IL",945,1050,7,0,0,606
2015,1,22,4,DL,13930,"Chicago, IL",10397,"Atlanta, GA",1130,1429,0,0,0,606
2015,1,22,4,DL,10821,"Baltimore, MD",10397,"Atlanta, GA",1630,1837,0,0,0,577
2015,1,22,4,DL,10397,"Atlanta, GA",11066,"Columbus, OH",1421,1553,0,0,0,447
2015,1,22,4,DL,11066,"Columbus, OH",10397,"Atlanta, GA",1636,1820,10,0,0,447
2015,1,22,4,DL,10397,"Atlanta, GA",10529,"Hartford, CT",950,1208,0,0,0,859
2015,1,22,4,DL,10529,"Hartford, CT",10397,"Atlanta, GA",1248,1535,0,0,0,859
2015,1,22,4,DL,12264,"Washington, DC",10397,"Atlanta, GA",700,904,0,0,0,534
2015,1,22,4,DL,11697,"Fort Lauderdale, FL",12953,"New York, NY",1105,1359,0,0,0,1076
2015,1,22,4,DL,11433,"Detroit, MI",10821,"Baltimore, MD",1404,1546,0,0,0,409
2015,1,22,4,DL,12951,"Lafayette, LA",10397,"Atlanta, GA",600,839,0,0,0,503
2015,1,22,4,DL,10721,"Boston, MA",10397,"Atlanta, GA",945,1251,0,0,0,946
2015,1,22,4,DL,15304,"Tampa, FL",10397,"Atlanta, GA",620,750,0,0,0,406
2015,1,22,4,DL,11433,"Detroit, MI",15304,"Tampa, FL",1005,1303,0,0,0,983
2015,1,22,4,DL,11433,"Detroit, MI",11697,"Fort Lauderdale, FL",1351,1704,0,0,0,1127
2015,1,22,4,DL,11697,"Fort Lauderdale, FL",11433,"Detroit, MI",1755,2058,0,0,0,1127
2015,1,22,4,DL,14869,"Salt Lake City, UT",14107,"Phoenix, AZ",1400,1535,7,0,0,507
2015,1,22,4,DL,11433,"Detroit, MI",12892,"Los Angeles, CA",840,1100,0,0,0,1979
2015,1,22,4,DL,12892,"Los Angeles, CA",11433,"Detroit, MI",1133,1905,7,0,0,1979
2015,1,22,4,DL,11433,"Detroit, MI",14492,"Raleigh/Durham, NC",1956,2145,0,0,0,501
2015,1,22,4,DL,13487,"Minneapolis, MN",11292,"Denver, CO",910,1023,0,0,0,680
2015,1,22,4,DL,10397,"Atlanta, GA",10693,"Nashville, TN",2250,2253,20,1,0,214
2015,1,22,4,DL,10397,"Atlanta, GA",11298,"Dallas/Fort Worth, TX",944,1119,0,0,0,731
2015,1,22,4,DL,10397,"Atlanta, GA",11298,"Dallas/Fort Worth, TX",2159,2326,0,0,0,731
2015,1,22,4,DL,13487,"Minneapolis, MN",15304,"Tampa, FL",1320,1726,0,0,0,1306
2015,1,22,4,DL,15304,"Tampa, FL",13487,"Minneapolis, MN",1822,2051,0,0,0,1306
2015,1,22,4,DL,10397,"Atlanta, GA",14635,"Fort Myers, FL",1927,2109,0,0,0,515
2015,1,22,4,DL,13204,"Orlando, FL",13487,"Minneapolis, MN",1405,1639,0,0,0,1310
2015,1,22,4,DL,13487,"Minneapolis, MN",13204,"Orlando, FL",850,1313,0,0,0,1310
2015,1,22,4,DL,12953,"New York, NY",13495,"New Orleans, LA",1700,1949,18,1,0,1183
2015,1,22,4,DL,13204,"Orlando, FL",12478,"New York, NY",1208,1439,464,1,0,944
2015,1,22,4,DL,13930,"Chicago, IL",13487,"Minneapolis, MN",1719,1852,13,0,0,334
2015,1,22,4,DL,13204,"Orlando, FL",10397,"Atlanta, GA",830,1013,0,0,0,404
2015,1,22,4,DL,11433,"Detroit, MI",12892,"Los Angeles, CA",1200,1410,0,0,0,1979
2015,1,22,4,DL,14107,"Phoenix, AZ",14869,"Salt Lake City, UT",1743,1918,1,0,0,507
2015,1,22,4,DL,11433,"Detroit, MI",15304,"Tampa, FL",1952,2244,0,0,0,983
2015,1,22,4,DL,11433,"Detroit, MI",10721,"Boston, MA",1540,1738,78,1,0,632
2015,1,22,4,DL,10721,"Boston, MA",11433,"Detroit, MI",1428,1646,0,0,0,632
2015,1,22,4,DL,10397,"Atlanta, GA",10529,"Hartford, CT",1515,1733,3,0,0,859
2015,1,22,4,DL,10529,"Hartford, CT",10397,"Atlanta, GA",1813,2105,0,0,0,859
2015,1,22,4,DL,10821,"Baltimore, MD",10397,"Atlanta, GA",730,939,0,0,0,577
2015,1,22,4,DL,10397,"Atlanta, GA",11697,"Fort Lauderdale, FL",1407,1602,0,0,0,581
2015,1,22,4,DL,11697,"Fort Lauderdale, FL",10397,"Atlanta, GA",1657,1900,0,0,0,581
2015,1,22,4,DL,14057,"Portland, OR",13487,"Minneapolis, MN",1500,2018,0,0,0,1426
2015,1,22,4,DL,12889,"Las Vegas, NV",12478,"New York, NY",1620,2357,13,0,0,2248
2015,1,22,4,DL,11433,"Detroit, MI",10721,"Boston, MA",1000,1156,0,0,0,632
2015,1,22,4,DL,10397,"Atlanta, GA",10994,"Charleston, SC",1210,1319,0,0,0,259
2015,1,22,4,DL,10994,"Charleston, SC",10397,"Atlanta, GA",1400,1525,0,0,0,259
2015,1,22,4,DL,14771,"San Francisco, CA",14869,"Salt Lake City, UT",600,851,0,0,0,599
2015,1,22,4,DL,10397,"Atlanta, GA",11042,"Cleveland, OH",1358,1546,0,0,0,554
2015,1,22,4,DL,11042,"Cleveland, OH",10397,"Atlanta, GA",1626,1820,0,0,0,554
2015,1,22,4,DL,10397,"Atlanta, GA",11481,"Panama City, FL",1105,1115,0,0,0,240
2015,1,22,4,DL,11481,"Panama City, FL",10397,"Atlanta, GA",1150,1404,0,0,0,240
2015,1,22,4,DL,13487,"Minneapolis, MN",11433,"Detroit, MI",1114,1400,0,0,0,528
2015,1,22,4,DL,12892,"Los Angeles, CA",12982,"Lihue, HI",1730,2139,0,0,0,2615
2015,1,22,4,DL,10397,"Atlanta, GA",11066,"Columbus, OH",1920,2051,0,0,0,447
2015,1,22,4,DL,10821,"Baltimore, MD",11433,"Detroit, MI",948,1128,2,0,0,409
2015,1,22,4,DL,11433,"Detroit, MI",10821,"Baltimore, MD",714,907,0,0,0,409
2015,1,22,4,DL,10397,"Atlanta, GA",11278,"Washington, DC",1820,2002,0,0,0,547
2015,1,22,4,DL,12953,"New York, NY",13303,"Miami, FL",1815,2146,0,0,0,1096
2015,1,22,4,DL,12889,"Las Vegas, NV",14869,"Salt Lake City, UT",1350,1610,1,0,0,368
2015,1,22,4,DL,11193,"Cincinnati, OH",14869,"Salt Lake City, UT",820,1025,0,0,0,1450
2015,1,22,4,DL,14869,"Salt Lake City, UT",14057,"Portland, OR",1135,1238,0,0,0,630
2015,1,22,4,DL,10397,"Atlanta, GA",11641,"Fayetteville, NC",1912,2029,0,0,0,331
2015,1,22,4,DL,13487,"Minneapolis, MN",14771,"San Francisco, CA",1430,1643,0,0,0,1589
2015,1,22,4,DL,11278,"Washington, DC",11433,"Detroit, MI",1255,1437,0,0,0,405
2015,1,22,4,DL,11433,"Detroit, MI",11278,"Washington, DC",1027,1200,0,0,0,405
2015,1,22,4,DL,14893,"Sacramento, CA",13487,"Minneapolis, MN",640,1212,4,0,0,1517
2015,1,22,4,DL,10397,"Atlanta, GA",13303,"Miami, FL",730,925,0,0,0,594
2015,1,22,4,DL,13303,"Miami, FL",10397,"Atlanta, GA",1015,1215,0,0,0,594
2015,1,22,4,DL,12953,"New York, NY",10397,"Atlanta, GA",859,1200,26,1,0,762
2015,1,22,4,DL,12889,"Las Vegas, NV",11433,"Detroit, MI",2315,607,0,0,0,1749
2015,1,22,4,DL,11433,"Detroit, MI",14100,"Philadelphia, PA",2015,2159,0,0,0,453
2015,1,22,4,DL,10397,"Atlanta, GA",12478,"New York, NY",2040,2250,13,0,0,760
2015,1,22,4,DL,13487,"Minneapolis, MN",12889,"Las Vegas, NV",900,1039,0,0,0,1299
2015,1,22,4,DL,10994,"Charleston, SC",10397,"Atlanta, GA",1700,1826,0,0,0,259
2015,1,22,4,DL,11057,"Charlotte, NC",13487,"Minneapolis, MN",1630,1828,15,1,0,930
2015,1,22,4,DL,12892,"Los Angeles, CA",10397,"Atlanta, GA",1230,1945,0,0,0,1947
2015,1,22,4,DL,10397,"Atlanta, GA",12892,"Los Angeles, CA",1402,1610,11,0,0,1947
2015,1,22,4,DL,10397,"Atlanta, GA",13360,"Melbourne, FL",2055,2223,0,0,0,442
2015,1,22,4,DL,10397,"Atlanta, GA",14908,"Santa Ana, CA",956,1159,0,0,0,1919
2015,1,22,4,DL,14908,"Santa Ana, CA",10397,"Atlanta, GA",1250,1955,1,0,0,1919
2015,1,22,4,DL,13487,"Minneapolis, MN",14679,"San Diego, CA",1145,1341,0,0,0,1532
2015,1,22,4,DL,14679,"San Diego, CA",13487,"Minneapolis, MN",1500,2041,8,0,0,1532
2015,1,22,4,DL,12339,"Indianapolis, IN",10397,"Atlanta, GA",805,954,0,0,0,432
2015,1,22,4,DL,10397,"Atlanta, GA",14747,"Seattle, WA",1630,1905,0,0,0,2182
2015,1,22,4,DL,14747,"Seattle, WA",10299,"Anchorage, AK",2057,2337,0,0,0,1448
2015,1,22,4,DL,10397,"Atlanta, GA",14100,"Philadelphia, PA",1230,1433,18,1,0,666
2015,1,22,4,DL,14100,"Philadelphia, PA",10397,"Atlanta, GA",1515,1738,0,0,0,666
2015,1,22,4,DL,12892,"Los Angeles, CA",12478,"New York, NY",650,1512,0,0,0,2475
2015,1,22,4,DL,11278,"Washington, DC",13487,"Minneapolis, MN",1459,1645,22,1,0,931
2015,1,22,4,DL,11292,"Denver, CO",13487,"Minneapolis, MN",610,925,11,0,0,680
2015,1,22,4,DL,12266,"Houston, TX",10397,"Atlanta, GA",825,1124,0,0,0,689
2015,1,22,4,DL,10397,"Atlanta, GA",11721,"Flint, MI",2045,2244,0,0,0,645
2015,1,22,4,DL,10397,"Atlanta, GA",11721,"Flint, MI",923,1118,0,0,0,645
2015,1,22,4,DL,11721,"Flint, MI",10397,"Atlanta, GA",1159,1416,0,0,0,645
2015,1,22,4,DL,13487,"Minneapolis, MN",11278,"Washington, DC",1059,1424,0,0,0,931
2015,1,22,4,DL,10397,"Atlanta, GA",13204,"Orlando, FL",2255,18,23,1,0,404
2015,1,22,4,DL,13487,"Minneapolis, MN",14747,"Seattle, WA",1950,2137,0,0,0,1399
2015,1,22,4,DL,10397,"Atlanta, GA",13244,"Memphis, TN",1208,1236,0,0,0,332
2015,1,22,4,DL,13244,"Memphis, TN",10397,"Atlanta, GA",1311,1530,6,0,0,332
2015,1,22,4,DL,10397,"Atlanta, GA",14107,"Phoenix, AZ",1103,1328,0,0,0,1587
2015,1,22,4,DL,14107,"Phoenix, AZ",10397,"Atlanta, GA",1420,1952,0,0,0,1587
2015,1,22,4,DL,14570,"Reno, NV",14869,"Salt Lake City, UT",1759,2027,0,0,0,422
2015,1,22,4,DL,10397,"Atlanta, GA",14492,"Raleigh/Durham, NC",1500,1620,0,0,0,356
2015,1,22,4,DL,14492,"Raleigh/Durham, NC",10397,"Atlanta, GA",1715,1856,0,0,0,356
2015,1,22,4,DL,12448,"Jackson/Vicksburg, MS",10397,"Atlanta, GA",600,824,0,0,0,341
2015,1,22,4,DL,13204,"Orlando, FL",12953,"New York, NY",1759,2032,13,0,0,950
2015,1,22,4,DL,13930,"Chicago, IL",10397,"Atlanta, GA",1915,2215,0,0,0,606
2015,1,22,4,DL,10397,"Atlanta, GA",13244,"Memphis, TN",1615,1638,0,0,0,332
2015,1,22,4,DL,12953,"New York, NY",11697,"Fort Lauderdale, FL",1505,1837,0,0,0,1076
2015,1,22,4,DL,13487,"Minneapolis, MN",11057,"Charlotte, NC",1310,1635,0,0,0,930
2015,1,22,4,DL,13487,"Minneapolis, MN",10397,"Atlanta, GA",1440,1808,0,0,0,907
2015,1,20,2,DL,11986,"Grand Rapids, MI",10397,"Atlanta, GA",1145,1353,5,0,0,640
2015,1,20,2,DL,11193,"Cincinnati, OH",13204,"Orlando, FL",935,1154,0,0,0,757
2015,1,20,2,DL,13204,"Orlando, FL",11193,"Cincinnati, OH",1324,1530,0,0,0,757
2015,1,20,2,DL,14100,"Philadelphia, PA",10397,"Atlanta, GA",845,1112,0,0,0,666
2015,1,20,2,DL,13487,"Minneapolis, MN",10721,"Boston, MA",700,1050,0,0,0,1124
2015,1,20,2,DL,10721,"Boston, MA",13487,"Minneapolis, MN",600,830,19,1,0,1124
2015,1,20,2,DL,12266,"Houston, TX",10397,"Atlanta, GA",710,1014,0,0,0,689
2015,1,20,2,DL,10397,"Atlanta, GA",15304,"Tampa, FL",1330,1455,0,0,0,406
2015,1,20,2,DL,15304,"Tampa, FL",10397,"Atlanta, GA",1545,1720,0,0,0,406
2015,1,20,2,DL,10397,"Atlanta, GA",13930,"Chicago, IL",1050,1200,0,0,0,606
2015,1,20,2,DL,10397,"Atlanta, GA",14100,"Philadelphia, PA",2155,2353,0,0,0,666
2015,1,20,2,DL,13204,"Orlando, FL",10721,"Boston, MA",1240,1522,0,0,0,1121
2015,1,20,2,DL,10397,"Atlanta, GA",15096,"Syracuse, NY",2035,2246,0,0,0,794
2015,1,20,2,DL,13487,"Minneapolis, MN",10721,"Boston, MA",1000,1348,0,0,0,1124
2015,1,20,2,DL,10721,"Boston, MA",13487,"Minneapolis, MN",800,1031,0,0,0,1124
2015,1,20,2,DL,14908,"Santa Ana, CA",13487,"Minneapolis, MN",1255,1832,0,0,0,1522
2015,1,20,2,DL,13487,"Minneapolis, MN",12892,"Los Angeles, CA",1740,1950,0,0,0,1535
2015,1,20,2,DL,11057,"Charlotte, NC",10397,"Atlanta, GA",525,642,0,0,0,226
2015,1,20,2,DL,14107,"Phoenix, AZ",11433,"Detroit, MI",712,1259,0,0,0,1671
2015,1,20,2,DL,11057,"Charlotte, NC",10397,"Atlanta, GA",1815,1945,0,0,0,226
2015,1,20,2,DL,11697,"Fort Lauderdale, FL",10397,"Atlanta, GA",645,840,0,0,0,581
2015,1,20,2,DL,13422,"Mobile, AL",10397,"Atlanta, GA",730,945,0,0,0,302
2015,1,20,2,DL,10721,"Boston, MA",13487,"Minneapolis, MN",1125,1348,0,0,0,1124
2015,1,20,2,DL,10397,"Atlanta, GA",12451,"Jacksonville, FL",1915,2027,0,0,0,270
2015,1,20,2,DL,12953,"New York, NY",11433,"Detroit, MI",720,926,0,0,0,502
2015,1,20,2,DL,11278,"Washington, DC",14869,"Salt Lake City, UT",1705,2001,0,0,0,1851
2015,1,20,2,DL,14679,"San Diego, CA",11433,"Detroit, MI",710,1433,0,0,0,1956
2015,1,20,2,DL,11278,"Washington, DC",13487,"Minneapolis, MN",1640,1834,0,0,0,931
2015,1,20,2,DL,11298,"Dallas/Fort Worth, TX",14869,"Salt Lake City, UT",1403,1557,0,0,0,989
2015,1,20,2,DL,12173,"Honolulu, HI",10397,"Atlanta, GA",1735,715,0,0,0,4502
2015,1,20,2,DL,10397,"Atlanta, GA",12173,"Honolulu, HI",1050,1604,0,0,0,4502
2015,1,20,2,DL,11278,"Washington, DC",10397,"Atlanta, GA",600,756,0,0,0,547
2015,1,20,2,DL,14685,"Savannah, GA",10397,"Atlanta, GA",530,638,0,0,0,214
2015,1,20,2,DL,10397,"Atlanta, GA",14027,"West Palm Beach/Palm Beach, FL",957,1148,0,0,0,545
2015,1,20,2,DL,14027,"West Palm Beach/Palm Beach, FL",10397,"Atlanta, GA",1230,1423,0,0,0,545
2015,1,20,2,DL,12953,"New York, NY",10397,"Atlanta, GA",1759,2054,0,0,0,762
2015,1,20,2,DL,13487,"Minneapolis, MN",10721,"Boston, MA",1325,1711,0,0,0,1124
2015,1,20,2,DL,13495,"New Orleans, LA",10397,"Atlanta, GA",600,828,0,0,0,425
2015,1,20,2,DL,11540,"El Paso, TX",10397,"Atlanta, GA",615,1111,0,0,0,1282
2015,1,20,2,DL,14771,"San Francisco, CA",11433,"Detroit, MI",700,1435,0,0,0,2079
2015,1,20,2,DL,11433,"Detroit, MI",14869,"Salt Lake City, UT",1722,1929,0,0,0,1481
2015,1,20,2,DL,10721,"Boston, MA",13487,"Minneapolis, MN",1423,1647,5,0,0,1124
2015,1,20,2,DL,14908,"Santa Ana, CA",13487,"Minneapolis, MN",645,1230,0,0,0,1522
2015,1,20,2,DL,13487,"Minneapolis, MN",13485,"Madison, WI",1942,2045,10,0,0,228
2015,1,20,2,DL,10397,"Atlanta, GA",10693,"Nashville, TN",1510,1517,0,0,0,214
2015,1,20,2,DL,10693,"Nashville, TN",10397,"Atlanta, GA",1600,1812,0,0,0,214
2015,1,20,2,DL,10397,"Atlanta, GA",14683,"San Antonio, TX",1518,1707,0,0,0,874
2015,1,20,2,DL,14683,"San Antonio, TX",10397,"Atlanta, GA",1750,2103,0,0,0,874
2015,1,20,2,DL,13487,"Minneapolis, MN",10721,"Boston, MA",1930,2317,7,0,0,1124
2015,1,20,2,DL,11433,"Detroit, MI",13485,"Madison, WI",2155,2220,0,0,0,311
2015,1,20,2,DL,12448,"Jackson/Vicksburg, MS",10397,"Atlanta, GA",715,946,0,0,0,341
2015,1,20,2,DL,11278,"Washington, DC",10397,"Atlanta, GA",659,908,0,0,0,547
2015,1,20,2,DL,12953,"New York, NY",13303,"Miami, FL",910,1245,0,0,0,1096
2015,1,20,2,DL,12953,"New York, NY",14027,"West Palm Beach/Palm Beach, FL",1035,1406,0,0,0,1035
2015,1,20,2,DL,12339,"Indianapolis, IN",12892,"Los Angeles, CA",709,900,0,0,0,1814
2015,1,20,2,DL,10397,"Atlanta, GA",10423,"Austin, TX",1207,1335,1,0,0,813
2015,1,20,2,DL,10423,"Austin, TX",10397,"Atlanta, GA",1426,1730,0,0,0,813
2015,1,20,2,DL,12892,"Los Angeles, CA",13204,"Orlando, FL",2215,545,0,0,0,2218
2015,1,20,2,DL,10397,"Atlanta, GA",11986,"Grand Rapids, MI",1457,1656,0,0,0,640
2015,1,20,2,DL,11986,"Grand Rapids, MI",10397,"Atlanta, GA",1731,1949,0,0,0,640
2015,1,20,2,DL,10397,"Atlanta, GA",12953,"New York, NY",645,853,0,0,0,762
2015,1,20,2,DL,10397,"Atlanta, GA",14057,"Portland, OR",1610,1837,0,0,0,2172
2015,1,20,2,DL,10397,"Atlanta, GA",13487,"Minneapolis, MN",1915,2101,0,0,0,907
2015,1,20,2,DL,10397,"Atlanta, GA",14492,"Raleigh/Durham, NC",2040,2202,11,0,0,356
2015,1,20,2,DL,15304,"Tampa, FL",12478,"New York, NY",1700,1947,0,0,0,1005
2015,1,20,2,DL,13303,"Miami, FL",10397,"Atlanta, GA",630,830,0,0,0,594
2015,1,20,2,DL,15249,"Tallahassee, FL",10397,"Atlanta, GA",700,810,0,0,0,223
2015,1,20,2,DL,14100,"Philadelphia, PA",11433,"Detroit, MI",545,736,0,0,0,453
2015,1,20,2,DL,11721,"Flint, MI",10397,"Atlanta, GA",600,830,0,0,0,645
2015,1,20,2,DL,10397,"Atlanta, GA",13204,"Orlando, FL",1455,1624,0,0,0,404
2015,1,20,2,DL,13487,"Minneapolis, MN",14107,"Phoenix, AZ",1440,1702,13,0,0,1276
2015,1,20,2,DL,10397,"Atlanta, GA",11433,"Detroit, MI",1455,1655,0,0,0,594
2015,1,20,2,DL,10397,"Atlanta, GA",10721,"Boston, MA",2154,18,4,0,0,946
2015,1,20,2,DL,12953,"New York, NY",10397,"Atlanta, GA",600,844,0,0,0,762
2015,1,20,2,DL,10397,"Atlanta, GA",12953,"New York, NY",2145,2352,0,0,0,762
2015,1,20,2,DL,10397,"Atlanta, GA",13930,"Chicago, IL",1210,1316,2,0,0,606
2015,1,20,2,DL,13930,"Chicago, IL",10397,"Atlanta, GA",1400,1706,0,0,0,606
2015,1,20,2,DL,13342,"Milwaukee, WI",13487,"Minneapolis, MN",910,1031,4,0,0,297
2015,1,20,2,DL,13487,"Minneapolis, MN",13342,"Milwaukee, WI",705,830,0,0,0,297
2015,1,20,2,DL,14843,"San Juan, PR",10397,"Atlanta, GA",815,1114,0,0,0,1547
2015,1,20,2,DL,11292,"Denver, CO",12953,"New York, NY",800,1352,27,1,0,1620
2015,1,20,2,DL,10397,"Atlanta, GA",13487,"Minneapolis, MN",1350,1535,0,0,0,907
2015,1,20,2,DL,14869,"Salt Lake City, UT",11292,"Denver, CO",2050,2221,0,0,0,391
2015,1,20,2,DL,10397,"Atlanta, GA",11057,"Charlotte, NC",1620,1735,0,0,0,226
2015,1,20,2,DL,13198,"Kansas City, MO",10397,"Atlanta, GA",555,902,0,0,0,692
2015,1,20,2,DL,11433,"Detroit, MI",13487,"Minneapolis, MN",715,830,0,0,0,528
2015,1,20,2,DL,13487,"Minneapolis, MN",11433,"Detroit, MI",1952,2235,44,1,0,528
2015,1,20,2,DL,10397,"Atlanta, GA",14683,"San Antonio, TX",1859,2041,0,0,0,874
2015,1,20,2,DL,10397,"Atlanta, GA",12945,"Lexington, KY",1939,2057,0,0,0,304
2015,1,20,2,DL,10397,"Atlanta, GA",12266,"Houston, TX",1600,1719,0,0,0,689
2015,1,20,2,DL,11057,"Charlotte, NC",13487,"Minneapolis, MN",755,954,0,0,0,930
2015,1,20,2,DL,13198,"Kansas City, MO",13487,"Minneapolis, MN",1708,1834,0,0,0,393
2015,1,20,2,DL,13487,"Minneapolis, MN",13198,"Kansas City, MO",1500,1629,0,0,0,393
2015,1,20,2,DL,12339,"Indianapolis, IN",13487,"Minneapolis, MN",1554,1650,10,0,0,503
2015,1,20,2,DL,14107,"Phoenix, AZ",14869,"Salt Lake City, UT",1420,1555,0,0,0,507
2015,1,20,2,DL,15304,"Tampa, FL",10397,"Atlanta, GA",945,1119,0,0,0,406
2015,1,20,2,DL,10397,"Atlanta, GA",15370,"Tulsa, OK",1050,1206,0,0,0,674
2015,1,20,2,DL,15370,"Tulsa, OK",10397,"Atlanta, GA",1241,1532,0,0,0,674
2015,1,20,2,DL,13930,"Chicago, IL",10397,"Atlanta, GA",600,910,0,0,0,606
2015,1,20,2,DL,14679,"San Diego, CA",14869,"Salt Lake City, UT",615,912,0,0,0,626
2015,1,20,2,DL,10397,"Atlanta, GA",10721,"Boston, MA",1620,1851,0,0,0,946
2015,1,20,2,DL,10721,"Boston, MA",10397,"Atlanta, GA",1330,1636,0,0,0,946
2015,1,20,2,DL,13495,"New Orleans, LA",12892,"Los Angeles, CA",1339,1600,0,0,0,1670
2015,1,20,2,DL,10397,"Atlanta, GA",12953,"New York, NY",745,954,0,0,0,762
2015,1,20,2,DL,14100,"Philadelphia, PA",14869,"Salt Lake City, UT",700,1013,2,0,0,1927
2015,1,20,2,DL,14869,"Salt Lake City, UT",14100,"Philadelphia, PA",1715,2322,0,0,0,1927
2015,1,20,2,DL,14685,"Savannah, GA",10397,"Atlanta, GA",630,742,0,0,0,214
2015,1,20,2,DL,13485,"Madison, WI",11433,"Detroit, MI",645,907,0,0,0,311
2015,1,20,2,DL,10397,"Atlanta, GA",11146,"Charleston/Dunbar, WV",2044,2200,0,0,0,363
2015,1,20,2,DL,11697,"Fort Lauderdale, FL",12953,"New York, NY",1514,1810,0,0,0,1076
2015,1,20,2,DL,12451,"Jacksonville, FL",10397,"Atlanta, GA",900,1022,0,0,0,270
2015,1,20,2,DL,13487,"Minneapolis, MN",14107,"Phoenix, AZ",1750,2027,11,0,0,1276
2015,1,20,2,DL,10397,"Atlanta, GA",14635,"Fort Myers, FL",2206,2346,0,0,0,515
2015,1,20,2,DL,10397,"Atlanta, GA",13244,"Memphis, TN",940,1007,0,0,0,332
2015,1,20,2,DL,10397,"Atlanta, GA",13342,"Milwaukee, WI",1223,1324,1,0,0,669
2015,1,20,2,DL,13342,"Milwaukee, WI",10397,"Atlanta, GA",1405,1715,0,0,0,669
2015,1,20,2,DL,10529,"Hartford, CT",10397,"Atlanta, GA",720,1011,0,0,0,859
2015,1,20,2,DL,11433,"Detroit, MI",13487,"Minneapolis, MN",1945,2048,0,0,0,528
2015,1,20,2,DL,14831,"San Jose, CA",13487,"Minneapolis, MN",625,1219,0,0,0,1576
2015,1,20,2,DL,11057,"Charlotte, NC",11433,"Detroit, MI",1030,1220,0,0,0,500
2015,1,20,2,DL,11433,"Detroit, MI",11057,"Charlotte, NC",745,952,0,0,0,500
2015,1,20,2,DL,10397,"Atlanta, GA",13204,"Orlando, FL",1355,1525,8,0,0,404
2015,1,20,2,DL,13204,"Orlando, FL",10397,"Atlanta, GA",1630,1812,0,0,0,404
2015,1,20,2,DL,12892,"Los Angeles, CA",13204,"Orlando, FL",1030,1809,0,0,0,2218
2015,1,20,2,DL,13204,"Orlando, FL",12892,"Los Angeles, CA",1909,2151,0,0,0,2218
2015,1,20,2,DL,10397,"Atlanta, GA",10529,"Hartford, CT",2145,3,0,0,0,859
2015,1,20,2,DL,14107,"Phoenix, AZ",10397,"Atlanta, GA",715,1243,0,0,0,1587
2015,1,20,2,DL,10529,"Hartford, CT",10397,"Atlanta, GA",605,859,0,0,0,859
2015,1,20,2,DL,10397,"Atlanta, GA",10693,"Nashville, TN",952,1002,0,0,0,214
2015,1,20,2,DL,10693,"Nashville, TN",10397,"Atlanta, GA",1045,1256,0,0,0,214
2015,1,20,2,DL,10397,"Atlanta, GA",13244,"Memphis, TN",1730,1751,0,0,0,332
2015,1,20,2,DL,10397,"Atlanta, GA",14635,"Fort Myers, FL",944,1129,0,0,0,515
2015,1,20,2,DL,14635,"Fort Myers, FL",10397,"Atlanta, GA",1220,1409,0,0,0,515
2015,1,20,2,DL,13871,"Omaha, NE",10397,"Atlanta, GA",540,904,0,0,0,821
2015,1,20,2,DL,10397,"Atlanta, GA",13422,"Mobile, AL",1920,1941,0,0,0,302
2015,1,20,2,DL,13342,"Milwaukee, WI",13487,"Minneapolis, MN",700,830,13,0,0,297
2015,1,20,2,DL,10397,"Atlanta, GA",14122,"Pittsburgh, PA",2151,2331,0,0,0,526
2015,1,20,2,DL,14869,"Salt Lake City, UT",13487,"Minneapolis, MN",1511,1840,0,0,0,991
2015,1,20,2,DL,14307,"Providence, RI",11433,"Detroit, MI",700,917,0,0,0,615
2015,1,20,2,DL,10397,"Atlanta, GA",11057,"Charlotte, NC",2151,2302,0,0,0,226
2015,1,20,2,DL,10397,"Atlanta, GA",14492,"Raleigh/Durham, NC",1350,1512,3,0,0,356
2015,1,20,2,DL,14492,"Raleigh/Durham, NC",10397,"Atlanta, GA",1600,1732,2,0,0,356
2015,1,20,2,DL,14193,"Pensacola, FL",10397,"Atlanta, GA",725,940,0,0,0,271
2015,1,20,2,DL,10397,"Atlanta, GA",13296,"Manchester, NH",2035,2307,0,0,0,952
2015,1,20,2,DL,15016,"St. Louis, MO",10397,"Atlanta, GA",715,959,0,0,0,484
2015,1,20,2,DL,10397,"Atlanta, GA",14027,"West Palm Beach/Palm Beach, FL",2056,2245,0,0,0,545
2015,1,20,2,DL,13796,"Oakland, CA",14869,"Salt Lake City, UT",1130,1416,0,0,0,588
2015,1,20,2,DL,14869,"Salt Lake City, UT",13796,"Oakland, CA",950,1045,0,0,0,588
2015,1,20,2,DL,10397,"Atlanta, GA",14492,"Raleigh/Durham, NC",2205,2325,0,0,0,356
2015,1,20,2,DL,14869,"Salt Lake City, UT",12892,"Los Angeles, CA",1346,1440,2,0,0,590
2015,1,20,2,DL,10431,"Asheville, NC",10397,"Atlanta, GA",710,821,0,0,0,164
2015,1,20,2,DL,10397,"Atlanta, GA",12953,"New York, NY",845,1059,2,0,0,762
2015,1,20,2,DL,10397,"Atlanta, GA",11252,"Daytona Beach, FL",1205,1323,0,0,0,366
2015,1,20,2,DL,11252,"Daytona Beach, FL",10397,"Atlanta, GA",1403,1535,0,0,0,366
2015,1,20,2,DL,10299,"Anchorage, AK",13487,"Minneapolis, MN",2145,600,0,0,0,2519
2015,1,20,2,DL,13487,"Minneapolis, MN",10299,"Anchorage, AK",1735,2054,6,0,0,2519
2015,1,20,2,DL,10397,"Atlanta, GA",12451,"Jacksonville, FL",2200,2308,0,0,0,270
2015,1,20,2,DL,11618,"Newark, NJ",11433,"Detroit, MI",600,804,0,0,0,488
2015,1,20,2,DL,10397,"Atlanta, GA",11624,"Key West, FL",1512,1706,0,0,0,646
2015,1,20,2,DL,11624,"Key West, FL",10397,"Atlanta, GA",1746,1949,0,0,0,646
2015,1,20,2,DL,12945,"Lexington, KY",10397,"Atlanta, GA",720,903,0,0,0,304
2015,1,20,2,DL,13487,"Minneapolis, MN",15304,"Tampa, FL",912,1333,6,0,0,1306
2015,1,20,2,DL,10397,"Atlanta, GA",11057,"Charlotte, NC",1120,1234,0,0,0,226
2015,1,20,2,DL,11057,"Charlotte, NC",10397,"Atlanta, GA",1315,1442,0,0,0,226
2015,1,20,2,DL,11433,"Detroit, MI",14307,"Providence, RI",1945,2141,0,0,0,615
2015,1,20,2,DL,14492,"Raleigh/Durham, NC",12892,"Los Angeles, CA",759,1050,0,0,0,2239
2015,1,20,2,DL,10397,"Atlanta, GA",13871,"Omaha, NE",1805,1939,0,0,0,821
2015,1,20,2,DL,13487,"Minneapolis, MN",13204,"Orlando, FL",700,1120,0,0,0,1310
2015,1,20,2,DL,13487,"Minneapolis, MN",10821,"Baltimore, MD",1932,2303,35,1,0,936
2015,1,20,2,DL,12173,"Honolulu, HI",14869,"Salt Lake City, UT",2150,711,0,0,0,2994
2015,1,20,2,DL,10397,"Atlanta, GA",14869,"Salt Lake City, UT",805,1029,1,0,0,1590
2015,1,20,2,DL,14869,"Salt Lake City, UT",12173,"Honolulu, HI",1205,1559,0,0,0,2994
2015,1,20,2,DL,14771,"San Francisco, CA",13487,"Minneapolis, MN",825,1411,0,0,0,1589
2015,1,20,2,DL,10397,"Atlanta, GA",13487,"Minneapolis, MN",1747,1932,0,0,0,907
2015,1,20,2,DL,14635,"Fort Myers, FL",13487,"Minneapolis, MN",730,1016,0,0,0,1416
2015,1,20,2,DL,10397,"Atlanta, GA",13204,"Orlando, FL",1755,1925,0,0,0,404
2015,1,20,2,DL,10397,"Atlanta, GA",14576,"Rochester, NY",2050,2258,0,0,0,749
2015,1,20,2,DL,10397,"Atlanta, GA",13931,"Norfolk, VA",727,859,0,0,0,516
2015,1,20,2,DL,13931,"Norfolk, VA",10397,"Atlanta, GA",939,1136,0,0,0,516
2015,1,20,2,DL,10397,"Atlanta, GA",14107,"Phoenix, AZ",1640,1857,4,0,0,1587
2015,1,20,2,DL,10397,"Atlanta, GA",13232,"Chicago, IL",1347,1440,0,0,0,591
2015,1,20,2,DL,13232,"Chicago, IL",10397,"Atlanta, GA",1520,1819,0,0,0,591
2015,1,20,2,DL,13487,"Minneapolis, MN",10620,"Billings, MT",1942,2101,6,0,0,748
2015,1,20,2,DL,13495,"New Orleans, LA",11433,"Detroit, MI",1744,2115,0,0,0,926
2015,1,20,2,DL,10397,"Atlanta, GA",13495,"New Orleans, LA",1216,1257,0,0,0,425